league,season,team,player,nation,pos,age,born,Playing Time,Playing Time,Playing Time,Playing Time,Playing Time,Starts,Starts,Starts,Subs,Subs,Subs,Team Success,Team Success,Team Success,Team Success,Team Success,Team Success,Team Success (xG),Team Success (xG),Team Success (xG),Team Success (xG),Team Success (xG)
,,,,,,,,MP,Min,Mn/MP,Min%,90s,Starts,Mn/Start,Compl,Subs,Mn/Sub,unSub,PPM,onG,onGA,+/-,+/-90,On-Off,onxG,onxGA,xG+/-,xG+/-90,On-Off
ESP-La Liga,2324,Alavés,Abdel Abqar,MAR,DF,24-327,1999,14,1254,90,63.3,13.9,14,90,12,0,,2,0.86,12,18,-6,-0.43,-0.55,15.1,16.3,-1.2,-0.09,-0.59
ESP-La Liga,2324,Alavés,Abderrahman Rebbach,ALG,"FW,MF",25-173,1998,16,582,36,29.4,6.5,6,64,0,10,20,6,0.69,5,5,0,0.0,0.32,6.1,5.6,0.5,0.08,-0.06
ESP-La Liga,2324,Alavés,Adrian Rodriguez,ESP,GK,23-050,2000,0,,,,,0,,0,0,,11,,,,,,,,,,,
ESP-La Liga,2324,Alavés,Aleksandar Sedlar,SRB,DF,32-049,1991,11,946,86,47.8,10.5,11,86,8,0,,1,1.09,10,14,-4,-0.38,-0.29,14.8,12.0,2.9,0.27,0.28
ESP-La Liga,2324,Alavés,Alex Sola,ESP,"FW,MF",24-236,1999,17,666,39,33.6,7.4,7,69,1,10,19,2,1.29,4,12,-8,-1.08,-1.29,9.7,10.7,-0.9,-0.13,-0.39
ESP-La Liga,2324,Alavés,Ander Guevara,ESP,MF,26-208,1997,21,1839,88,92.9,20.4,21,88,14,0,,0,1.24,22,24,-2,-0.1,1.82,26.5,23.5,3.0,0.15,0.26
ESP-La Liga,2324,Alavés,Ander Sánchez,ESP,MF,20-007,2004,0,,,,,0,,0,0,,3,,,,,,,,,,,
ESP-La Liga,2324,Alavés,Andoni Gorosabel,ESP,DF,27-180,1996,22,1867,85,94.3,20.7,21,87,15,1,36,0,1.18,21,25,-4,-0.19,0.6,26.5,25.1,1.5,0.07,-1.0
ESP-La Liga,2324,Alavés,Antonio Blanco,ESP,MF,23-192,2000,20,1335,67,67.4,14.8,16,81,7,4,11,0,1.25,12,16,-4,-0.27,-0.13,17.7,16.6,1.2,0.08,-0.15
ESP-La Liga,2324,Alavés,Antonio Sivera,ESP,GK,27-173,1996,22,1980,90,100.0,22.0,22,90,22,0,,0,1.18,22,27,-5,-0.23,,28.7,25.9,2.8,0.13,
ESP-La Liga,2324,Alavés,Carlos Benavídez,URU,MF,25-307,1998,16,524,33,26.5,5.8,4,76,1,12,18,3,1.31,10,9,1,0.17,0.54,8.1,8.8,-0.8,-0.13,-0.35
ESP-La Liga,2324,Alavés,Carlos Vicente,ESP,"FW,MF",24-283,1999,4,286,72,14.4,3.2,3,84,0,1,34,0,2.5,8,3,5,1.57,2.1,5.8,4.4,1.4,0.45,0.37
ESP-La Liga,2324,Alavés,Egoitz Muñoz,ESP,DF,19-030,2005,0,,,,,0,,0,0,,2,,,,,,,,,,,
ESP-La Liga,2324,Alavés,Eneko Ortiz,ESP,MF,20-250,2003,0,,,,,0,,0,0,,1,,,,,,,,,,,
ESP-La Liga,2324,Alavés,Gaizka García,ESP,GK,18-348,2005,0,,,,,0,,0,0,,1,,,,,,,,,,,
ESP-La Liga,2324,Alavés,George Gagua,GEO,FW,22-113,2001,0,,,,,0,,0,0,,1,,,,,,,,,,,
ESP-La Liga,2324,Alavés,Giuliano Simeone,ARG,"FW,MF",21-044,2002,3,24,8,1.2,0.3,0,,0,3,8,1,2.33,1,1,0,0.0,0.23,1.5,0.6,0.9,3.41,3.33
ESP-La Liga,2324,Alavés,Ianis Hagi,ROU,"MF,FW",25-101,1998,14,555,40,28.0,6.2,6,65,0,8,21,5,0.86,2,8,-6,-0.97,-1.04,7.6,6.7,0.9,0.15,0.03
ESP-La Liga,2324,Alavés,Javi López,ESP,"DF,MF",22-030,2002,18,1261,70,63.7,14.0,12,89,10,6,32,3,1.22,16,16,0,0.0,0.63,20.0,15.1,4.9,0.35,0.61
ESP-La Liga,2324,Alavés,Jesús Owono,EQG,GK,22-336,2001,0,,,,,0,,0,0,,19,,,,,,,,,,,
ESP-La Liga,2324,Alavés,Jon Guridi,ESP,"MF,FW",28-337,1995,21,1577,75,79.6,17.5,20,77,7,1,42,0,1.24,17,19,-2,-0.11,0.56,22.4,18.7,3.6,0.21,0.39
ESP-La Liga,2324,Alavés,Jon Karrikaburu,ESP,"MF,FW",21-134,2002,2,16,8,0.8,0.2,0,,0,2,8,13,0.0,0,1,-1,-5.63,-5.44,0.0,1.2,-1.1,-6.26,-6.44
ESP-La Liga,2324,Alavés,Joseda,ESP,DF,23-009,2001,0,,,,,0,,0,0,,4,,,,,,,,,,,
ESP-La Liga,2324,Alavés,Kiké,ESP,FW,34-067,1989,21,919,44,46.4,10.2,10,73,1,11,18,1,1.1,12,11,1,0.1,0.61,17.0,11.0,6.0,0.59,0.86
ESP-La Liga,2324,Alavés,Luis Rioja,ESP,"FW,MF",30-107,1993,22,1741,79,87.9,19.3,21,82,4,1,29,0,1.18,19,21,-2,-0.1,1.03,24.3,21.2,3.1,0.16,0.25
ESP-La Liga,2324,Alavés,Mamadou Sylla,SEN,"FW,MF",29-317,1994,2,18,9,0.9,0.2,0,,0,2,9,0,1.5,0,1,-1,-5.0,-4.82,0.1,0.1,0.0,0.08,-0.05
ESP-La Liga,2324,Alavés,Miguel,ESP,"FW,MF",24-150,1999,3,65,22,3.3,0.7,1,56,0,2,5,0,1.0,0,2,-2,-2.77,-2.63,0.3,1.0,-0.7,-0.94,-1.1
ESP-La Liga,2324,Alavés,Nahuel Tenaglia,ARG,DF,27-344,1996,13,401,31,20.3,4.5,4,81,3,9,9,7,1.54,5,8,-3,-0.67,-0.56,6.9,6.3,0.6,0.14,0.02
ESP-La Liga,2324,Alavés,Nikola Maraš,SRB,DF,28-043,1995,0,,,,,0,,0,0,,20,,,,,,,,,,,
ESP-La Liga,2324,Alavés,Rafa Marín,ESP,DF,21-257,2002,19,1357,71,68.5,15.1,15,90,15,4,2,3,1.32,14,18,-4,-0.27,-0.12,19.4,17.4,2.0,0.13,0.02
ESP-La Liga,2324,Alavés,Rubén Duarte,ESP,DF,28-105,1995,18,1174,65,59.3,13.0,14,81,9,4,10,3,1.06,13,17,-4,-0.31,-0.19,15.8,17.2,-1.4,-0.11,-0.57
ESP-La Liga,2324,Alavés,Rubén Montero,ESP,GK,18-156,2005,0,,,,,0,,0,0,,5,,,,,,,,,,,
ESP-La Liga,2324,Alavés,Samuel Omorodion,ESP,FW,19-271,2004,20,1064,53,53.7,11.8,11,80,2,9,21,0,1.15,11,15,-4,-0.34,-0.24,15.1,14.7,0.4,0.04,-0.2
ESP-La Liga,2324,Alavés,Selu Diallo,ESP,MF,20-122,2003,0,,,,,0,,0,0,,7,,,,,,,,,,,
ESP-La Liga,2324,Alavés,Tomás Mendes,ESP,MF,19-071,2004,1,6,6,0.3,0.1,0,,0,1,6,6,0.0,0,0,0,0.0,0.23,0.1,0.0,0.1,0.88,0.76
ESP-La Liga,2324,Alavés,Unai Ropero,ESP,MF,22-072,2001,1,5,5,0.3,0.1,0,,0,1,5,1,0.0,0,0,0,0.0,0.23,0.6,0.0,0.6,9.45,9.35
ESP-La Liga,2324,Alavés,Victor Parada,ESP,"FW,MF",21-302,2002,2,3,2,0.2,0.0,0,,0,2,2,6,3.0,0,0,0,0.0,0.23,0.0,0.1,-0.1,-3.6,-3.73
ESP-La Liga,2324,Alavés,Xeber,ESP,"FW,MF",26-219,1997,9,273,30,13.8,3.0,3,72,0,6,10,13,1.11,6,5,1,0.33,0.65,5.7,4.3,1.5,0.48,0.41
ESP-La Liga,2324,Almería,Adri Embarba,ESP,"FW,MF",31-269,1992,21,1365,65,68.9,15.2,17,74,4,4,29,1,0.29,7,33,-26,-1.71,-1.42,15.0,26.2,-11.2,-0.74,-1.01
ESP-La Liga,2324,Almería,Alejandro Pozo Pozo,ESP,"DF,MF",24-343,1999,16,819,51,41.4,9.1,8,81,3,8,22,4,0.25,6,21,-15,-1.65,-0.64,9.6,16.6,-7.0,-0.77,-0.59
ESP-La Liga,2324,Almería,Aleksandar Radovanović,SRB,DF,30-081,1993,0,,,,,0,,0,0,,1,,,,,,,,,,,
ESP-La Liga,2324,Almería,Arnau Puigmal,ESP,"FW,DF",23-021,2001,11,255,23,12.9,2.8,3,58,0,8,10,8,0.27,4,4,0,0.0,1.46,4.3,6.4,-2.1,-0.76,-0.38
ESP-La Liga,2324,Almería,Arvin Appiah,ENG,"FW,MF",23-026,2001,0,,,,,0,,0,0,,1,,,,,,,,,,,
ESP-La Liga,2324,Almería,Bruno Iribarne,ESP,GK,19-166,2004,0,,,,,0,,0,0,,1,,,,,,,,,,,
ESP-La Liga,2324,Almería,César Montes,MEX,DF,26-341,1997,12,1046,87,52.8,11.6,12,87,10,0,,4,0.33,9,24,-15,-1.29,-0.04,14.7,17.8,-3.1,-0.27,0.34
ESP-La Liga,2324,Almería,Diego Mariño,ESP,GK,33-267,1990,1,90,90,4.5,1.0,1,90,1,0,,21,0.0,0,2,-2,-2.0,-0.76,1.4,2.1,-0.7,-0.68,-0.26
ESP-La Liga,2324,Almería,Dion Lopy,SEN,MF,21-363,2002,20,1453,73,73.4,16.1,17,82,11,3,22,1,0.3,15,35,-20,-1.24,0.13,19.5,29.7,-10.2,-0.63,-0.76
ESP-La Liga,2324,Almería,Fernando,ESP,GK,33-235,1990,2,180,90,9.1,2.0,2,90,2,0,,20,0.0,3,7,-4,-2.0,-0.8,1.3,2.8,-1.5,-0.76,-0.37
ESP-La Liga,2324,Almería,Gonzalo Melero,ESP,"MF,FW",30-029,1994,18,789,44,39.8,8.8,8,73,3,10,21,1,0.28,9,23,-14,-1.6,-0.54,14.4,14.0,0.5,0.05,0.79
ESP-La Liga,2324,Almería,Gui Guedes,POR,MF,21-289,2002,0,,,,,0,,0,0,,3,,,,,,,,,,,
ESP-La Liga,2324,Almería,Houboulang Mendes,GNB,DF,25-272,1998,7,396,57,20.0,4.4,4,79,2,3,27,6,0.0,4,11,-7,-1.59,-0.4,3.8,9.1,-5.3,-1.19,-0.96
ESP-La Liga,2324,Almería,Ibrahima Koné,MLI,FW,24-229,1999,8,262,33,13.2,2.9,2,65,0,6,22,0,0.38,4,11,-7,-2.4,-1.3,4.2,6.2,-2.1,-0.71,-0.33
ESP-La Liga,2324,Almería,Iddrisu Baba,GHA,MF,28-009,1996,17,969,57,48.9,10.8,10,81,5,7,23,2,0.24,12,34,-22,-2.04,-1.51,13.9,22.1,-8.2,-0.76,-0.66
ESP-La Liga,2324,Almería,Juan Brandáriz,ESP,DF,24-335,1999,20,1566,78,79.1,17.4,17,87,16,3,27,2,0.3,18,38,-20,-1.15,0.59,22.6,30.2,-7.6,-0.44,-0.05
ESP-La Liga,2324,Almería,Kaiky,BRA,DF,20-019,2004,8,523,65,26.4,5.8,5,90,5,3,24,14,0.38,11,19,-8,-1.38,-0.14,9.5,11.8,-2.3,-0.39,0.04
ESP-La Liga,2324,Almería,Largie Ramazani,BEL,"FW,MF",22-338,2001,21,1151,55,58.1,12.8,12,74,2,9,30,0,0.29,17,27,-10,-0.78,1.17,19.3,20.8,-1.5,-0.12,0.74
ESP-La Liga,2324,Almería,Lucas Robertone,ARG,MF,26-319,1997,18,1316,73,66.5,14.6,17,76,5,1,18,0,0.28,14,25,-11,-0.75,1.55,20.5,20.9,-0.3,-0.02,1.2
ESP-La Liga,2324,Almería,Luis Javier Suárez,COL,"FW,MF",26-060,1997,10,718,72,36.3,8.0,8,86,3,2,14,0,0.4,10,20,-10,-1.25,0.03,14.7,14.3,0.4,0.06,0.75
ESP-La Liga,2324,Almería,Luka Romero,ARG,FW,19-074,2004,1,12,12,0.6,0.1,0,,0,1,12,0,0.0,0,1,-1,-7.5,-6.27,0.1,0.1,0.0,-0.3,0.13
ESP-La Liga,2324,Almería,Luís Maximiano,POR,GK,25-026,1999,19,1710,90,86.4,19.0,19,90,19,0,,2,0.32,18,40,-22,-1.16,0.84,26.1,33.3,-7.2,-0.38,0.35
ESP-La Liga,2324,Almería,Lázaro,BRA,"FW,MF",21-325,2002,14,285,20,14.4,3.2,2,54,0,12,15,8,0.21,1,10,-9,-2.84,-1.83,3.5,8.8,-5.3,-1.68,-1.46
ESP-La Liga,2324,Almería,Léo Baptistão,BRA,FW,31-158,1992,18,1083,60,54.7,12.0,13,81,7,5,6,1,0.33,12,20,-8,-0.66,1.34,14.6,18.8,-4.2,-0.35,0.17
ESP-La Liga,2324,Almería,Marciano Sanca,GNB,"FW,MF",19-334,2004,6,43,7,2.2,0.5,0,,0,6,7,6,0.0,0,3,-3,-6.28,-5.12,0.2,1.4,-1.2,-2.5,-2.12
ESP-La Liga,2324,Almería,Marcos Peña,ESP,MF,19-009,2005,0,,,,,0,,0,0,,4,,,,,,,,,,,
ESP-La Liga,2324,Almería,Marko Milovanović,SRB,FW,20-180,2003,5,177,35,8.9,2.0,1,69,0,4,27,8,0.0,2,4,-2,-1.02,0.28,2.0,2.3,-0.2,-0.12,0.34
ESP-La Liga,2324,Almería,Martin Šviderský,SVK,MF,21-119,2002,0,,,,,0,,0,0,,4,,,,,,,,,,,
ESP-La Liga,2324,Almería,Paco Sanz,ESP,DF,19-077,2004,0,,,,,0,,0,0,,2,,,,,,,,,,,
ESP-La Liga,2324,Almería,Pubill,ESP,DF,20-225,2003,8,555,69,28.0,6.2,7,76,2,1,25,0,0.25,6,12,-6,-0.97,0.42,7.8,8.6,-0.7,-0.12,0.42
ESP-La Liga,2324,Almería,Rachad Fettal,MAR,FW,19-015,2005,1,17,17,0.9,0.2,0,,0,1,17,6,1.0,0,0,0,0.0,1.28,,,,,
ESP-La Liga,2324,Almería,Sergio Akieme,ESP,DF,26-046,1997,19,1675,88,84.6,18.6,19,88,18,0,,1,0.32,17,36,-19,-1.02,1.63,24.7,33.0,-8.3,-0.45,-0.15
ESP-La Liga,2324,Almería,Sergio Arribas,ESP,"MF,FW",22-123,2001,22,1484,67,74.9,16.5,16,79,4,6,37,0,0.27,16,33,-17,-1.03,0.96,22.4,26.4,-4.0,-0.24,0.74
ESP-La Liga,2324,Almería,Srđan Babić,SRB,DF,27-284,1996,1,90,90,4.5,1.0,1,90,1,0,,0,0.0,0,2,-2,-2.0,-0.76,1.4,2.1,-0.7,-0.68,-0.26
ESP-La Liga,2324,Almería,Álex Centelles,ESP,DF,26-084,1997,4,260,65,13.1,2.9,3,75,2,1,35,16,0.0,3,12,-9,-3.12,-2.12,3.9,4.8,-0.9,-0.32,0.13
ESP-La Liga,2324,Almería,Édgar González,ESP,DF,26-305,1997,18,1450,81,73.2,16.1,18,81,13,0,,1,0.33,12,31,-19,-1.18,0.35,19.8,27.7,-7.9,-0.49,-0.24
ESP-La Liga,2324,Athletic Club,Adu Ares,ESP,FW,22-111,2001,6,115,19,5.8,1.3,1,61,0,5,11,15,1.33,0,2,-2,-1.57,-2.48,0.3,1.8,-1.4,-1.13,-1.96
ESP-La Liga,2324,Athletic Club,Aingeru Olabarrieta,ESP,FW,18-078,2005,0,,,,,0,,0,0,,1,,,,,,,,,,,
ESP-La Liga,2324,Athletic Club,Aitor Paredes,ESP,DF,23-277,2000,21,1695,81,85.6,18.8,19,84,15,2,50,1,1.95,33,15,18,0.96,1.27,32.7,17.2,15.5,0.82,0.73
ESP-La Liga,2324,Athletic Club,Alex Padilla,ESP,GK,20-152,2003,0,,,,,0,,0,0,,1,,,,,,,,,,,
ESP-La Liga,2324,Athletic Club,Ander Herrera,ESP,MF,34-170,1989,15,740,49,37.4,8.2,8,77,3,7,18,3,1.87,12,6,6,0.73,-0.07,11.4,7.1,4.3,0.52,-0.31
ESP-La Liga,2324,Athletic Club,Asier Villalibre,ESP,FW,26-123,1997,11,279,25,14.1,3.1,1,69,0,10,21,11,1.91,6,5,1,0.32,-0.52,5.8,3.9,1.9,0.61,-0.13
ESP-La Liga,2324,Athletic Club,Beñat Prados,ESP,"MF,DF",22-357,2001,13,480,37,24.2,5.3,4,79,0,9,18,9,1.69,6,5,1,0.19,-0.77,10.0,4.5,5.5,1.04,0.42
ESP-La Liga,2324,Athletic Club,Dani García,ESP,MF,33-252,1990,10,403,40,20.4,4.5,4,78,1,6,15,2,1.8,5,7,-2,-0.45,-1.53,6.1,6.1,-0.1,-0.01,-0.92
ESP-La Liga,2324,Athletic Club,Daniel Vivian,ESP,DF,24-200,1999,22,1957,89,98.8,21.7,22,89,20,0,,0,1.91,38,21,17,0.78,0.78,36.5,20.9,15.6,0.72,-0.11
ESP-La Liga,2324,Athletic Club,Gorka Guruzeta,ESP,FW,27-141,1996,22,1472,67,74.3,16.4,20,70,3,2,33,0,1.91,29,12,17,1.04,1.04,27.4,14.4,13.0,0.79,0.3
ESP-La Liga,2324,Athletic Club,Hugo Rincón,ESP,DF,21-004,2003,0,,,,,0,,0,0,,4,,,,,,,,,,,
ESP-La Liga,2324,Athletic Club,Iker Muniain,ESP,"MF,FW",31-043,1992,12,327,27,16.5,3.6,3,60,0,9,16,9,2.0,8,10,-2,-0.55,-1.58,7.7,5.2,2.6,0.7,-0.02
ESP-La Liga,2324,Athletic Club,Imanol,ESP,DF,23-237,2000,4,258,65,13.0,2.9,3,79,1,1,20,16,1.75,7,4,3,1.05,0.31,6.0,3.3,2.7,0.95,0.27
ESP-La Liga,2324,Athletic Club,Iñaki Williams,GHA,FW,29-230,1994,19,1652,87,83.4,18.4,19,87,11,0,,0,1.89,33,17,16,0.87,0.6,31.8,17.7,14.1,0.77,0.3
ESP-La Liga,2324,Athletic Club,Iñigo Lekue,ESP,DF,30-272,1993,17,1300,76,65.7,14.4,14,84,11,3,44,5,2.0,24,14,10,0.69,-0.23,24.4,14.5,9.9,0.68,-0.1
ESP-La Liga,2324,Athletic Club,Iñigo Ruiz de Galarreta,ESP,MF,30-178,1993,16,1240,78,62.6,13.8,15,81,5,1,29,0,1.94,28,11,17,1.23,1.23,24.7,13.4,11.3,0.82,0.27
ESP-La Liga,2324,Athletic Club,Javi Martón,ESP,FW,24-270,1999,0,,,,,0,,0,0,,3,,,,,,,,,,,
ESP-La Liga,2324,Athletic Club,Julen Agirrezabala,ESP,GK,23-036,2000,0,,,,,0,,0,0,,22,,,,,,,,,,,
ESP-La Liga,2324,Athletic Club,Mikel Jauregizar,ESP,MF,20-080,2003,3,51,17,2.6,0.6,0,,0,3,17,4,2.33,1,0,1,1.76,1.02,,,,,
ESP-La Liga,2324,Athletic Club,Mikel Vesga,ESP,MF,30-255,1993,16,1100,69,55.6,12.2,13,79,7,3,25,1,2.19,25,13,12,0.98,0.47,22.9,12.6,10.2,0.84,0.27
ESP-La Liga,2324,Athletic Club,Nico Williams,ESP,FW,21-203,2002,19,1426,75,72.0,15.8,18,78,4,1,29,0,1.84,28,14,14,0.88,0.4,27.8,14.3,13.5,0.85,0.47
ESP-La Liga,2324,Athletic Club,Oihan Sancet,ESP,MF,23-281,2000,20,1444,72,72.9,16.0,18,76,3,2,43,0,1.95,28,9,19,1.18,1.52,26.2,15.0,11.2,0.7,-0.08
ESP-La Liga,2324,Athletic Club,Peru Nolaskoain,ESP,"DF,MF",25-098,1998,2,10,5,0.5,0.1,0,,0,2,5,12,2.0,0,0,0,0.0,-0.78,0.0,0.1,-0.1,-0.98,-1.71
ESP-La Liga,2324,Athletic Club,Raúl García,ESP,"FW,MF",37-204,1986,9,122,14,6.2,1.4,0,,0,9,14,12,1.67,3,1,2,1.48,0.75,2.5,1.5,1.0,0.77,0.05
ESP-La Liga,2324,Athletic Club,Unai Eguíluz,ESP,DF,21-318,2002,0,,,,,0,,0,0,,4,,,,,,,,,,,
ESP-La Liga,2324,Athletic Club,Unai Gómez,ESP,MF,20-251,2003,14,265,19,13.4,2.9,2,48,0,12,14,7,2.07,5,6,-1,-0.34,-1.28,4.5,3.0,1.4,0.48,-0.27
ESP-La Liga,2324,Athletic Club,Unai Simón,ESP,GK,26-234,1997,22,1980,90,100.0,22.0,22,90,22,0,,0,1.91,38,21,17,0.77,,37.0,21.2,15.8,0.72,
ESP-La Liga,2324,Athletic Club,Yeray Álvarez,ESP,DF,29-007,1995,6,275,46,13.9,3.1,3,62,2,3,29,2,1.83,4,5,-1,-0.33,-1.28,3.7,3.4,0.3,0.1,-0.72
ESP-La Liga,2324,Athletic Club,Yuri Berchiche,ESP,DF,33-355,1990,16,1112,70,56.2,12.4,12,84,10,4,27,0,1.94,18,7,11,0.89,0.27,19.9,8.4,11.6,0.93,0.5
ESP-La Liga,2324,Athletic Club,Álex Berenguer,ESP,FW,28-211,1995,20,747,37,37.7,8.3,6,79,2,14,20,1,1.9,11,7,4,0.48,-0.47,13.1,6.5,6.6,0.79,0.12
ESP-La Liga,2324,Athletic Club,Óscar de Marcos,ESP,DF,34-292,1989,15,1252,83,63.2,13.9,15,83,12,0,,2,1.73,27,17,10,0.72,-0.15,23.3,15.5,7.8,0.56,-0.43
ESP-La Liga,2324,Atlético Madrid,Adrian Niño,ESP,FW,19-226,2004,0,,,,,0,,0,0,,2,,,,,,,,,,,
ESP-La Liga,2324,Atlético Madrid,Aitor Gismera,ESP,MF,19-344,2004,0,,,,,0,,0,0,,3,,,,,,,,,,,
ESP-La Liga,2324,Atlético Madrid,Antoine Griezmann,FRA,"FW,MF",32-316,1991,21,1734,83,91.7,19.3,21,83,13,0,,0,2.1,37,20,17,0.88,-0.27,34.1,22.4,11.8,0.61,-0.18
ESP-La Liga,2324,Atlético Madrid,Antonio Gomis,ESP,GK,20-256,2003,0,,,,,0,,0,0,,21,,,,,,,,,,,
ESP-La Liga,2324,Atlético Madrid,Arthur Vermeeren,BEL,MF,18-358,2005,0,,,,,0,,0,0,,1,,,,,,,,,,,
ESP-La Liga,2324,Atlético Madrid,Axel Witsel,BEL,DF,35-019,1989,20,1671,84,88.4,18.6,18,89,17,2,39,0,2.05,34,20,14,0.75,-1.3,30.6,21.9,8.7,0.47,-1.38
ESP-La Liga,2324,Atlético Madrid,César Azpilicueta,ESP,DF,34-156,1989,16,951,59,50.3,10.6,9,85,5,7,27,3,2.0,18,13,5,0.47,-0.87,17.2,10.9,6.3,0.6,-0.06
ESP-La Liga,2324,Atlético Madrid,Horaţiu Moldovan,ROU,GK,26-011,1998,0,,,,,0,,0,0,,1,,,,,,,,,,,
ESP-La Liga,2324,Atlético Madrid,Ilias Kostis,GRE,DF,20-338,2003,0,,,,,0,,0,0,,7,,,,,,,,,,,
ESP-La Liga,2324,Atlético Madrid,Ivo Grbić,CRO,GK,28-013,1996,0,,,,,0,,0,0,,18,,,,,,,,,,,
ESP-La Liga,2324,Atlético Madrid,Jan Oblak,SVN,GK,31-024,1993,21,1890,90,100.0,21.0,21,90,21,0,,0,2.1,42,23,19,0.9,,36.6,23.4,13.2,0.63,
ESP-La Liga,2324,Atlético Madrid,Javi Galán,ESP,DF,29-073,1994,5,88,18,4.7,1.0,0,,0,5,18,15,1.8,2,1,1,1.02,0.12,2.3,0.3,1.9,1.94,1.38
ESP-La Liga,2324,Atlético Madrid,José María Giménez,URU,DF,29-011,1995,15,724,48,38.3,8.0,7,78,4,8,22,0,2.0,16,11,5,0.62,-0.46,15.5,10.1,5.4,0.67,0.06
ESP-La Liga,2324,Atlético Madrid,João Félix,POR,"FW,MF",24-082,1999,0,,,,,0,,0,0,,2,,,,,,,,,,,
ESP-La Liga,2324,Atlético Madrid,Koke,ESP,MF,32-023,1992,18,1277,71,67.6,14.2,17,74,10,1,15,0,2.22,27,18,9,0.63,-0.83,26.2,17.1,9.1,0.64,0.04
ESP-La Liga,2324,Atlético Madrid,Marco Moreno,ESP,DF,22-345,2001,0,,,,,0,,0,0,,3,,,,,,,,,,,
ESP-La Liga,2324,Atlético Madrid,Marcos Llorente,ESP,"MF,DF",29-001,1995,21,1344,64,71.1,14.9,15,76,8,6,34,0,2.1,28,18,10,0.67,-0.81,22.7,18.4,4.3,0.29,-1.17
ESP-La Liga,2324,Atlético Madrid,Mario Hermoso,ESP,DF,28-227,1995,18,1581,88,83.7,17.6,18,88,16,0,,2,1.94,37,21,16,0.91,0.04,31.0,20.9,10.1,0.58,-0.32
ESP-La Liga,2324,Atlético Madrid,Memphis,NED,FW,29-352,1994,11,346,31,18.3,3.8,4,51,0,7,21,2,1.82,6,4,2,0.52,-0.47,7.1,4.4,2.7,0.71,0.1
ESP-La Liga,2324,Atlético Madrid,Nahuel Molina,ARG,DF,25-300,1998,18,1094,61,57.9,12.2,13,72,5,5,32,2,2.06,25,12,13,1.07,0.39,21.0,13.0,8.0,0.66,0.07
ESP-La Liga,2324,Atlético Madrid,Pablo Barrios,ESP,MF,20-230,2003,11,723,66,38.3,8.0,7,78,3,4,44,0,2.27,15,7,8,1.0,0.15,14.6,6.2,8.4,1.05,0.69
ESP-La Liga,2324,Atlético Madrid,Rayane Belaid,ESP,DF,18-354,2005,0,,,,,0,,0,0,,1,,,,,,,,,,,
ESP-La Liga,2324,Atlético Madrid,Reinildo Mandava,MOZ,DF,30-010,1994,2,108,54,5.7,1.2,1,90,1,1,18,5,3.0,2,0,2,1.67,0.81,2.7,0.7,2.0,1.69,1.12
ESP-La Liga,2324,Atlético Madrid,Rodrigo De Paul,ARG,MF,29-252,1994,18,1117,62,59.1,12.4,13,72,2,5,36,0,2.11,23,10,13,1.05,0.35,22.3,12.5,9.8,0.79,0.39
ESP-La Liga,2324,Atlético Madrid,Rodrigo Riquelme,ESP,"DF,MF",23-304,2000,17,817,48,43.2,9.1,10,65,3,7,24,4,2.06,17,16,1,0.11,-1.4,15.9,12.2,3.6,0.4,-0.4
ESP-La Liga,2324,Atlético Madrid,Salim El Jebari,MAR,MF,19-360,2004,0,,,,,0,,0,0,,3,,,,,,,,,,,
ESP-La Liga,2324,Atlético Madrid,Samuel Lino,BRA,DF,24-039,1999,17,1009,59,53.4,11.2,11,74,3,6,33,2,2.24,26,9,17,1.52,1.31,20.1,12.2,7.9,0.7,0.16
ESP-La Liga,2324,Atlético Madrid,Saúl Ñíguez,ESP,MF,29-071,1994,21,900,43,47.6,10.0,9,72,4,12,21,0,2.1,23,11,12,1.2,0.56,17.0,12.7,4.2,0.42,-0.39
ESP-La Liga,2324,Atlético Madrid,Sergio Mestre,ESP,GK,18-352,2005,0,,,,,0,,0,0,,1,,,,,,,,,,,
ESP-La Liga,2324,Atlético Madrid,Stefan Savić,MNE,DF,33-023,1991,12,904,75,47.8,10.0,11,81,9,1,12,5,2.17,22,8,14,1.39,0.94,17.4,8.0,9.5,0.94,0.61
ESP-La Liga,2324,Atlético Madrid,Thomas Lemar,FRA,MF,28-080,1995,3,164,55,8.7,1.8,3,55,0,0,,0,1.33,1,2,-1,-0.55,-1.59,1.5,1.9,-0.4,-0.2,-0.91
ESP-La Liga,2324,Atlético Madrid,Yannick Carrasco,BEL,DF,30-149,1993,3,221,74,11.7,2.5,3,74,1,0,,0,2.33,6,1,5,2.04,1.28,5.1,2.0,3.1,1.26,0.71
ESP-La Liga,2324,Atlético Madrid,Álvaro Morata,ESP,FW,31-100,1992,20,1363,68,72.1,15.1,16,76,4,4,35,0,2.05,32,16,16,1.06,0.54,24.4,16.8,7.6,0.5,-0.44
ESP-La Liga,2324,Atlético Madrid,Ángel Correa,ARG,"FW,MF",28-328,1995,16,570,36,30.2,6.3,3,75,1,13,26,2,2.06,15,8,7,1.11,0.29,12.6,4.7,7.9,1.24,0.88
ESP-La Liga,2324,Atlético Madrid,Çağlar Söyüncü,TUR,DF,27-253,1996,6,114,19,6.0,1.3,1,45,0,5,14,8,2.5,5,1,4,3.16,2.4,1.9,2.7,-0.8,-0.62,-1.33
ESP-La Liga,2324,Barcelona,Abdessamad Ezzalzouli,MAR,"FW,MF",22-045,2001,2,68,34,3.6,0.8,0,,0,2,34,1,2.0,2,0,2,2.65,2.05,2.2,0.2,2.0,2.66,1.53
ESP-La Liga,2324,Barcelona,Aleix Garrido,ESP,MF,19-343,2004,0,,,,,0,,0,0,,1,,,,,,,,,,,
ESP-La Liga,2324,Barcelona,Alejandro Balde,ESP,DF,20-105,2003,18,1378,77,72.9,15.3,15,87,12,3,26,2,2.11,29,17,12,0.78,0.43,34.9,14.9,20.0,1.31,0.46
ESP-La Liga,2324,Barcelona,Ander Astralaga,ESP,GK,19-334,2004,0,,,,,0,,0,0,,20,,,,,,,,,,,
ESP-La Liga,2324,Barcelona,Andreas Christensen,DEN,DF,27-296,1996,16,1134,71,60.0,12.6,15,70,5,1,80,4,2.06,18,14,4,0.32,-0.87,25.4,13.0,12.4,0.98,-0.5
ESP-La Liga,2324,Barcelona,Ansu Fati,ESP,"MF,FW",21-092,2002,3,50,17,2.6,0.6,0,,0,3,17,0,2.33,2,0,2,3.6,3.01,2.4,0.3,2.1,3.86,2.75
ESP-La Liga,2324,Barcelona,Diego Kochen,USA,GK,17-318,2006,0,,,,,0,,0,0,,10,,,,,,,,,,,
ESP-La Liga,2324,Barcelona,Eric García,ESP,DF,23-022,2001,2,57,29,3.0,0.6,0,,0,2,29,1,3.0,4,1,3,4.74,4.2,3.2,0.4,2.8,4.47,3.39
ESP-La Liga,2324,Barcelona,Fermin López,ESP,"MF,FW",20-265,2003,14,541,39,28.6,6.0,6,66,0,8,19,6,2.14,12,7,5,0.83,0.23,13.0,7.4,5.6,0.93,-0.35
ESP-La Liga,2324,Barcelona,Ferrán Torres,ESP,FW,23-336,2000,20,930,47,49.2,10.3,9,72,3,11,25,1,2.15,26,16,10,0.97,0.59,24.0,10.4,13.5,1.31,0.25
ESP-La Liga,2324,Barcelona,Frenkie de Jong,NED,"MF,DF",26-264,1997,13,1115,86,59.0,12.4,13,86,12,0,,0,2.08,27,19,8,0.65,-0.05,30.6,13.8,16.8,1.36,0.43
ESP-La Liga,2324,Barcelona,Gavi,ESP,"MF,FW",19-179,2004,12,944,79,49.9,10.5,10,88,9,2,34,0,2.25,22,11,11,1.05,0.76,22.7,10.9,11.9,1.13,-0.11
ESP-La Liga,2324,Barcelona,Héctor Fort,ESP,DF,17-182,2006,1,45,45,2.4,0.5,1,45,0,0,,6,0.0,0,1,-1,-2.0,-2.73,0.4,0.3,0.1,0.23,-0.98
ESP-La Liga,2324,Barcelona,Iñaki Peña,ESP,GK,24-335,1999,8,720,90,38.1,8.0,8,90,8,0,,10,1.75,17,16,1,0.12,-0.88,21.5,9.9,11.6,1.45,0.43
ESP-La Liga,2324,Barcelona,Iñigo Martínez,ESP,DF,32-259,1991,8,543,68,28.7,6.0,6,88,5,2,8,4,2.13,9,6,3,0.5,-0.24,8.8,5.5,3.4,0.56,-0.87
ESP-La Liga,2324,Barcelona,João Cancelo,POR,DF,29-249,1994,17,1311,77,69.4,14.6,15,82,12,2,39,0,2.0,29,21,8,0.55,-0.38,31.9,16.5,15.4,1.06,-0.4
ESP-La Liga,2324,Barcelona,João Félix,POR,FW,24-082,1999,18,1068,59,56.5,11.9,14,71,3,4,19,0,2.06,21,14,7,0.59,-0.18,25.2,12.1,13.1,1.11,-0.18
ESP-La Liga,2324,Barcelona,Jules Koundé,FRA,DF,25-080,1998,18,1430,79,75.7,15.9,16,86,14,2,29,2,2.22,34,23,11,0.69,0.11,38.5,19.6,18.8,1.19,0.01
ESP-La Liga,2324,Barcelona,Lamine Yamal,ESP,FW,16-202,2007,21,982,47,52.0,10.9,9,80,3,12,22,0,2.1,28,18,10,0.92,0.52,29.3,14.9,14.4,1.32,0.28
ESP-La Liga,2324,Barcelona,Marc Casado,ESP,MF,20-139,2003,0,,,,,0,,0,0,,11,,,,,,,,,,,
ESP-La Liga,2324,Barcelona,Marc Guiu,ESP,MF,18-027,2006,1,12,12,0.6,0.1,0,,0,1,12,6,3.0,1,0,1,7.5,6.88,0.3,0.0,0.3,2.29,1.12
ESP-La Liga,2324,Barcelona,Marc-André ter Stegen,GER,GK,31-276,1992,13,1170,90,61.9,13.0,13,90,13,0,,0,2.31,26,13,13,1.0,0.88,26.8,13.5,13.3,1.02,-0.43
ESP-La Liga,2324,Barcelona,Marcos Alonso,ESP,DF,33-034,1990,4,162,41,8.6,1.8,2,68,1,2,14,8,3.0,6,4,2,1.11,0.49,4.3,2.5,1.7,0.97,-0.23
ESP-La Liga,2324,Barcelona,Oriol Romeu,ESP,MF,32-129,1991,15,700,47,37.0,7.8,10,62,0,5,15,6,2.07,9,11,-2,-0.26,-1.47,13.5,9.0,4.5,0.58,-0.96
ESP-La Liga,2324,Barcelona,Pau Cubarsí,ESP,DF,17-009,2007,2,125,63,6.6,1.4,1,80,0,1,45,7,1.5,5,6,-1,-0.72,-1.48,4.2,2.8,1.3,0.96,-0.23
ESP-La Liga,2324,Barcelona,Pau Prim,ESP,MF,17-343,2006,0,,,,,0,,0,0,,1,,,,,,,,,,,
ESP-La Liga,2324,Barcelona,Pau Victor Delgado,ESP,FW,22-066,2001,0,,,,,0,,0,0,,1,,,,,,,,,,,
ESP-La Liga,2324,Barcelona,Pedri,ESP,MF,21-067,2002,10,728,73,38.5,8.1,8,81,2,2,40,0,1.8,13,11,2,0.25,-0.68,20.3,9.1,11.2,1.39,0.33
ESP-La Liga,2324,Barcelona,Raphinha,BRA,"FW,MF",27-048,1996,15,670,45,35.4,7.4,8,68,2,7,18,0,2.07,16,10,6,0.81,0.22,18.2,7.3,10.9,1.46,0.42
ESP-La Liga,2324,Barcelona,Robert Lewandowski,POL,FW,35-163,1988,19,1497,79,79.2,16.6,17,84,12,2,32,0,2.11,34,22,12,0.72,0.26,37.4,19.7,17.7,1.07,-0.57
ESP-La Liga,2324,Barcelona,Ronald Araújo,URU,DF,24-330,1999,15,1203,80,63.7,13.4,12,90,12,3,41,2,1.87,28,21,7,0.52,-0.39,32.3,15.6,16.7,1.25,0.19
ESP-La Liga,2324,Barcelona,Sergi Roberto,ESP,"MF,DF",31-358,1992,6,357,60,18.9,4.0,4,79,2,2,21,9,2.67,12,6,6,1.51,1.04,10.7,5.0,5.6,1.42,0.29
ESP-La Liga,2324,Barcelona,Unai Hernandez,ESP,MF,19-048,2004,0,,,,,0,,0,0,,4,,,,,,,,,,,
ESP-La Liga,2324,Barcelona,Vitor Roque,BRA,FW,18-337,2005,3,55,18,2.9,0.6,0,,0,3,18,0,2.0,3,3,0,0.0,-0.69,3.6,1.3,2.3,3.78,2.67
ESP-La Liga,2324,Barcelona,Áron Yaakobishvili,HUN,GK,17-331,2006,0,,,,,0,,0,0,,1,,,,,,,,,,,
ESP-La Liga,2324,Barcelona,İlkay Gündoğan,GER,MF,33-099,1990,21,1746,83,92.4,19.4,19,89,16,2,32,0,2.1,40,28,12,0.62,-0.63,44.8,22.0,22.8,1.17,-0.11
ESP-La Liga,2324,Betis,Abdessamad Ezzalzouli,MAR,FW,22-045,2001,14,508,36,25.7,5.6,3,63,0,11,29,0,1.5,6,6,0,0.0,-0.06,6.1,7.4,-1.3,-0.24,-0.11
ESP-La Liga,2324,Betis,Abner,BRA,DF,23-249,2000,16,1152,72,58.2,12.8,12,87,11,4,26,6,1.44,15,14,1,0.08,0.08,13.8,20.8,-7.0,-0.55,-0.94
ESP-La Liga,2324,Betis,Aitor Ruibal,ESP,"DF,FW",27-315,1996,12,699,58,35.3,7.8,7,77,4,5,33,6,1.17,7,8,-1,-0.13,-0.27,9.9,13.6,-3.7,-0.47,-0.49
ESP-La Liga,2324,Betis,Andrés Guardado,MEX,MF,37-125,1986,12,447,37,22.6,5.0,4,67,1,8,23,6,1.58,5,4,1,0.2,0.2,7.2,6.1,1.1,0.23,0.5
ESP-La Liga,2324,Betis,Assane Diao,ESP,FW,18-146,2005,15,954,64,48.2,10.6,12,68,2,3,45,2,1.53,13,7,6,0.57,1.0,13.8,12.6,1.2,0.11,0.52
ESP-La Liga,2324,Betis,Ayoze Pérez,ESP,FW,30-186,1993,19,1460,77,73.7,16.2,19,77,8,0,,1,1.58,17,17,0,0.0,-0.17,20.6,19.4,1.2,0.07,0.86
ESP-La Liga,2324,Betis,Borja Iglesias,ESP,FW,31-014,1993,11,408,37,20.6,4.5,4,63,1,7,22,9,1.45,7,6,1,0.22,0.22,4.7,7.8,-3.1,-0.68,-0.66
ESP-La Liga,2324,Betis,Chadi Riad,MAR,DF,20-228,2003,13,1103,85,55.7,12.3,12,88,11,1,45,5,1.54,13,12,1,0.08,0.08,15.0,16.0,-1.0,-0.08,0.17
ESP-La Liga,2324,Betis,Claudio Bravo,CHI,GK,40-293,1983,7,630,90,31.8,7.0,7,90,7,0,,0,1.86,11,5,6,0.86,1.19,9.9,6.5,3.4,0.48,0.94
ESP-La Liga,2324,Betis,Daniel Guerrero,ESP,MF,18-189,2005,0,,,,,0,,0,0,,1,,,,,,,,,,,
ESP-La Liga,2324,Betis,Enrique,ESP,MF,20-137,2003,0,,,,,0,,0,0,,2,,,,,,,,,,,
ESP-La Liga,2324,Betis,Francisco Barbosa,ESP,GK,24-269,1999,3,225,75,11.4,2.5,2,90,2,1,45,16,1.33,2,4,-2,-0.8,-0.95,3.4,2.3,1.1,0.43,0.66
ESP-La Liga,2324,Betis,Germán Pezzella,ARG,DF,32-218,1991,21,1806,86,91.2,20.1,21,86,18,0,,1,1.62,25,19,6,0.3,2.89,25.0,24.8,0.2,0.01,1.89
ESP-La Liga,2324,Betis,Guido Rodríguez,ARG,MF,29-294,1994,14,1075,77,54.3,11.9,13,81,8,1,25,0,1.71,15,10,5,0.42,0.82,14.5,12.6,2.0,0.17,0.7
ESP-La Liga,2324,Betis,Guilherme Fernandes,POR,GK,22-309,2001,0,,,,,0,,0,0,,8,,,,,,,,,,,
ESP-La Liga,2324,Betis,Héctor Bellerín,ESP,DF,28-318,1995,14,1116,80,56.4,12.4,14,80,11,0,,3,1.71,16,14,2,0.16,0.27,15.1,14.4,0.7,0.06,0.49
ESP-La Liga,2324,Betis,Isco,ESP,MF,31-285,1992,21,1765,84,89.1,19.6,21,84,12,0,,0,1.57,22,21,1,0.05,0.05,22.9,24.3,-1.4,-0.07,0.75
ESP-La Liga,2324,Betis,Johnny Cardoso,USA,MF,22-133,2001,2,162,81,8.2,1.8,2,81,1,0,,1,1.5,3,2,1,0.56,0.56,1.2,3.7,-2.5,-1.38,-1.34
ESP-La Liga,2324,Betis,Juan Cruz,ESP,FW,23-281,2000,5,76,15,3.8,0.8,0,,0,5,15,14,1.6,0,1,-1,-1.18,-1.28,0.5,2.2,-1.7,-1.97,-1.88
ESP-La Liga,2324,Betis,Juan Miranda,ESP,DF,24-012,2000,11,828,75,41.8,9.2,10,80,6,1,33,9,1.73,10,10,0,0.0,-0.08,12.6,9.0,3.6,0.39,0.94
ESP-La Liga,2324,Betis,Luiz Felipe,ITA,DF,26-315,1997,4,360,90,18.2,4.0,4,90,4,0,,0,1.75,5,5,0,0.0,-0.06,3.3,5.8,-2.5,-0.63,-0.58
ESP-La Liga,2324,Betis,Luiz Henrique,BRA,FW,23-029,2001,14,616,44,31.1,6.8,6,73,2,8,22,2,1.64,8,10,-2,-0.29,-0.49,9.0,10.9,-1.9,-0.27,-0.17
ESP-La Liga,2324,Betis,Marc Bartra,ESP,DF,33-016,1991,3,225,75,11.4,2.5,3,75,2,0,,2,1.33,2,6,-4,-1.6,-1.86,3.8,2.7,1.1,0.46,0.69
ESP-La Liga,2324,Betis,Marc Roca,ESP,MF,27-066,1996,20,1604,80,81.0,17.8,19,84,13,1,10,1,1.4,20,21,-1,-0.06,-0.53,21.8,24.2,-2.5,-0.14,0.09
ESP-La Liga,2324,Betis,Nabil Fekir,FRA,"FW,MF",30-197,1993,5,152,30,7.7,1.7,1,66,0,4,22,1,2.4,4,3,1,0.59,0.59,1.7,2.3,-0.7,-0.4,-0.26
ESP-La Liga,2324,Betis,Nobel Mendy,FRA,DF,19-150,2004,0,,,,,0,,0,0,,2,,,,,,,,,,,
ESP-La Liga,2324,Betis,Pablo Busto,ESP,DF,18-138,2005,1,41,41,2.1,0.5,0,,0,1,41,4,3.0,1,0,1,2.2,2.2,0.6,0.3,0.3,0.66,0.84
ESP-La Liga,2324,Betis,Paul Akouokou,CIV,MF,26-042,1997,2,27,14,1.4,0.3,0,,0,2,14,1,1.5,1,1,0,0.0,-0.05,0.5,0.7,-0.2,-0.54,-0.39
ESP-La Liga,2324,Betis,Ricardo Visus,ESP,DF,22-282,2001,2,76,38,3.8,0.8,0,,0,2,38,5,2.0,0,0,0,0.0,-0.05,,,,,
ESP-La Liga,2324,Betis,Rodri,ESP,"FW,MF",23-260,2000,15,653,44,33.0,7.3,6,71,1,9,25,6,1.47,8,8,0,0.0,-0.07,8.2,10.5,-2.3,-0.32,-0.25
ESP-La Liga,2324,Betis,Rui Silva,POR,GK,29-358,1994,13,1125,87,56.8,12.5,13,87,12,0,,6,1.31,12,15,-3,-0.24,-0.66,13.1,21.0,-7.9,-0.63,-1.1
ESP-La Liga,2324,Betis,Sergi Altimira,ESP,MF,22-159,2001,9,393,44,19.8,4.4,4,80,2,5,14,11,1.33,3,9,-6,-1.37,-1.77,4.8,8.6,-3.8,-0.88,-0.9
ESP-La Liga,2324,Betis,Sokratis Papastathopoulos,GRE,DF,35-236,1988,5,368,74,18.6,4.1,4,90,4,1,8,5,1.4,5,6,-1,-0.24,-0.36,4.7,8.4,-3.7,-0.9,-0.92
ESP-La Liga,2324,Betis,William Carvalho,POR,MF,31-299,1992,10,328,33,16.6,3.6,2,58,0,8,27,1,1.7,5,1,4,1.1,1.26,3.8,5.1,-1.4,-0.37,-0.26
ESP-La Liga,2324,Betis,Willian José,BRA,FW,32-069,1991,19,1063,56,53.7,11.8,14,66,2,5,29,0,1.53,10,14,-4,-0.34,-0.83,15.5,15.0,0.5,0.05,0.43
ESP-La Liga,2324,Betis,Xavi Pleguezuelo,ESP,DF,21-017,2003,0,,,,,0,,0,0,,3,,,,,,,,,,,
ESP-La Liga,2324,Betis,Youssouf Sabaly,SEN,DF,30-332,1993,3,270,90,13.6,3.0,3,90,3,0,,2,1.33,4,5,-1,-0.33,-0.44,2.3,4.3,-2.0,-0.68,-0.6
ESP-La Liga,2324,Celta Vigo,Agustín Marchesín,ARG,GK,35-321,1988,0,,,,,0,,0,0,,18,,,,,,,,,,,
ESP-La Liga,2324,Celta Vigo,Anastasios Douvikas,GRE,FW,24-182,1999,18,544,30,27.5,6.0,4,80,2,14,16,1,0.89,5,13,-8,-1.32,-1.14,7.8,12.0,-4.2,-0.7,-0.8
ESP-La Liga,2324,Celta Vigo,Carl Starfelt,SWE,DF,28-244,1995,17,1435,84,72.5,15.9,17,84,14,0,,2,0.59,14,26,-12,-0.75,-0.92,19.8,24.7,-4.9,-0.31,-0.68
ESP-La Liga,2324,Celta Vigo,Carles Pérez,ESP,"MF,FW",25-349,1998,9,441,49,22.3,4.9,4,70,0,5,32,8,1.0,5,7,-2,-0.41,0.12,7.8,5.9,2.0,0.4,0.67
ESP-La Liga,2324,Celta Vigo,Carlos Dominguez,ESP,DF,22-354,2001,9,761,85,38.4,8.5,8,90,6,1,45,12,1.11,11,11,0,0.0,0.81,10.8,11.3,-0.5,-0.06,0.11
ESP-La Liga,2324,Celta Vigo,Carlos Dotor,ESP,MF,22-322,2001,16,692,43,34.9,7.7,7,87,4,9,9,6,0.63,9,12,-3,-0.39,0.17,8.4,14.0,-5.6,-0.73,-0.93
ESP-La Liga,2324,Celta Vigo,Coke Carrillo,ESP,GK,22-024,2002,0,,,,,0,,0,0,,6,,,,,,,,,,,
ESP-La Liga,2324,Celta Vigo,Damián Rodríguez,ESP,MF,20-320,2003,0,,,,,0,,0,0,,1,,,,,,,,,,,
ESP-La Liga,2324,Celta Vigo,Fran Beltrán,ESP,MF,24-362,1999,17,1089,64,55.0,12.1,13,80,6,4,13,5,0.88,14,20,-6,-0.5,0.01,16.3,17.7,-1.4,-0.11,0.02
ESP-La Liga,2324,Celta Vigo,Franco Cervi,ARG,"MF,DF",29-250,1994,10,434,43,21.9,4.8,5,72,1,5,15,5,1.0,5,8,-3,-0.62,-0.16,6.1,6.4,-0.3,-0.06,0.08
ESP-La Liga,2324,Celta Vigo,Gabriel Veiga,ESP,FW,21-249,2002,1,18,18,0.9,0.2,0,,0,1,18,1,0.0,0,1,-1,-5.0,-4.54,0.1,0.3,-0.2,-0.76,-0.64
ESP-La Liga,2324,Celta Vigo,Gonçalo Paciência,POR,FW,29-183,1994,0,,,,,0,,0,0,,1,,,,,,,,,,,
ESP-La Liga,2324,Celta Vigo,Hugo Sotelo,ESP,MF,20-043,2003,8,308,39,15.6,3.4,3,64,0,5,23,13,0.5,2,7,-5,-1.46,-1.14,5.2,3.5,1.7,0.49,0.73
ESP-La Liga,2324,Celta Vigo,Hugo Álvarez,ESP,MF,20-213,2003,2,35,18,1.8,0.4,0,,0,2,18,3,1.5,1,0,1,2.57,3.13,1.5,0.3,1.2,2.99,3.17
ESP-La Liga,2324,Celta Vigo,Iago Aspas,ESP,FW,36-183,1987,21,1575,75,79.5,17.5,19,81,8,2,21,0,0.81,18,22,-4,-0.23,1.33,24.1,22.0,2.1,0.12,1.19
ESP-La Liga,2324,Celta Vigo,Iván Villar,ESP,GK,26-206,1997,10,834,83,42.1,9.3,10,83,9,0,,8,0.82,11,16,-5,-0.54,-0.07,13.1,13.4,-0.2,-0.02,0.17
ESP-La Liga,2324,Celta Vigo,Jailson Siqueira,BRA,"DF,MF",28-146,1995,3,130,43,6.6,1.4,1,90,1,2,20,1,0.33,1,1,0,0.0,0.54,0.7,1.9,-1.2,-0.83,-0.76
ESP-La Liga,2324,Celta Vigo,Javi Rodríguez,ESP,DF,20-219,2003,0,,,,,0,,0,0,,4,,,,,,,,,,,
ESP-La Liga,2324,Celta Vigo,Javier Dominguez,ESP,DF,22-311,2001,0,,,,,0,,0,0,,3,,,,,,,,,,,
ESP-La Liga,2324,Celta Vigo,Jonathan Bamba,CIV,"MF,FW",27-311,1996,18,1406,78,71.0,15.6,17,82,7,1,9,0,0.72,16,22,-6,-0.38,0.4,21.9,21.2,0.7,0.05,0.58
ESP-La Liga,2324,Celta Vigo,Joseph Aidoo,GHA,DF,28-124,1995,6,407,68,20.6,4.5,4,90,4,2,24,3,0.83,3,6,-3,-0.66,-0.21,5.3,7.0,-1.7,-0.38,-0.32
ESP-La Liga,2324,Celta Vigo,Jørgen Strand Larsen,NOR,FW,23-359,2000,22,1752,80,88.5,19.5,22,80,6,0,,0,0.77,17,22,-5,-0.26,2.11,23.4,23.8,-0.4,-0.02,0.9
ESP-La Liga,2324,Celta Vigo,Kevin Vázquez,ESP,DF,30-314,1993,9,620,69,31.3,6.9,9,69,3,0,,13,0.78,7,9,-2,-0.29,0.31,8.2,10.1,-1.9,-0.27,-0.22
ESP-La Liga,2324,Celta Vigo,Luca de la Torre,USA,MF,25-253,1998,20,1279,64,64.6,14.2,15,80,6,5,16,0,0.8,10,18,-8,-0.56,-0.18,17.6,17.6,0.0,0.0,0.35
ESP-La Liga,2324,Celta Vigo,Manu Sánchez,ESP,DF,23-160,2000,18,1324,74,66.9,14.7,14,87,11,4,27,4,0.72,14,21,-7,-0.48,0.07,18.1,21.9,-3.8,-0.26,-0.41
ESP-La Liga,2324,Celta Vigo,Miguel Rodríguez,ESP,MF,20-277,2003,11,190,17,9.6,2.1,1,57,0,10,13,10,0.27,1,3,-2,-0.95,-0.49,2.1,2.7,-0.6,-0.28,-0.18
ESP-La Liga,2324,Celta Vigo,Mihailo Ristić,SRB,"DF,MF",28-092,1995,8,525,66,26.5,5.8,6,82,4,2,18,5,0.75,6,9,-3,-0.51,-0.02,8.2,7.9,0.3,0.06,0.24
ESP-La Liga,2324,Celta Vigo,Renato Tapia,PER,MF,28-187,1995,14,906,65,45.8,10.1,10,86,8,4,11,7,1.0,8,11,-3,-0.3,0.37,11.5,12.2,-0.7,-0.07,0.09
ESP-La Liga,2324,Celta Vigo,Ruly,ESP,GK,24-004,2000,0,,,,,0,,0,0,,4,,,,,,,,,,,
ESP-La Liga,2324,Celta Vigo,Unai Núñez,ESP,DF,27-001,1997,22,1979,90,99.9,22.0,22,90,21,0,,0,0.77,21,32,-11,-0.5,-0.5,28.4,31.1,-2.7,-0.12,-0.12
ESP-La Liga,2324,Celta Vigo,Vicente Guaita,ESP,GK,37-021,1987,13,1143,88,57.7,12.7,12,90,12,1,63,5,0.85,11,17,-6,-0.47,0.07,15.2,17.7,-2.5,-0.19,-0.17
ESP-La Liga,2324,Celta Vigo,Williot Swedberg,SWE,"MF,FW",19-364,2004,8,92,12,4.6,1.0,0,,0,8,12,14,1.0,2,4,-2,-1.96,-1.53,2.6,3.0,-0.4,-0.43,-0.33
ESP-La Liga,2324,Celta Vigo,Óscar Mingueza,ESP,"DF,MF",24-263,1999,22,1735,79,87.6,19.3,19,87,16,3,30,0,0.77,20,30,-10,-0.52,-0.15,26.5,28.2,-1.7,-0.09,0.27
ESP-La Liga,2324,Cádiz,Alejandro Morata,ESP,DF,17-209,2006,0,,,,,0,,0,0,,1,,,,,,,,,,,
ESP-La Liga,2324,Cádiz,Aristide Njalla,CMR,MF,20-293,2003,0,,,,,0,,0,0,,1,,,,,,,,,,,
ESP-La Liga,2324,Cádiz,Brian Ocampo,URU,MF,24-220,1999,8,130,16,6.6,1.4,0,,0,8,16,1,0.5,0,2,-2,-1.38,-0.7,0.9,2.8,-1.9,-1.3,-0.7
ESP-La Liga,2324,Cádiz,Chris Ramos,ESP,"FW,MF",27-013,1997,22,1676,76,84.6,18.6,20,81,8,2,27,0,0.73,14,25,-11,-0.59,0.89,14.9,27.3,-12.4,-0.67,-0.15
ESP-La Liga,2324,Cádiz,Darwin Machís,VEN,MF,30-358,1993,15,720,48,36.4,8.0,10,60,1,5,23,3,0.87,10,12,-2,-0.25,0.75,8.8,10.9,-2.1,-0.26,0.6
ESP-La Liga,2324,Cádiz,David Gil,ESP,GK,30-020,1994,4,282,71,14.2,3.1,3,90,3,1,12,17,0.75,2,2,0,0.0,0.85,1.8,4.2,-2.4,-0.77,-0.14
ESP-La Liga,2324,Cádiz,Fali,ESP,DF,30-172,1993,21,1762,84,89.0,19.6,21,84,17,0,,0,0.76,15,25,-10,-0.51,1.97,16.5,28.2,-11.8,-0.6,0.4
ESP-La Liga,2324,Cádiz,Fede San Emeterio,ESP,MF,26-321,1997,4,152,38,7.7,1.7,3,50,0,1,1,5,1.0,1,2,-1,-0.59,0.15,1.7,2.9,-1.3,-0.75,-0.11
ESP-La Liga,2324,Cádiz,Gonzalo Escalante,ARG,MF,30-310,1993,14,929,66,46.9,10.3,9,83,4,5,37,0,0.79,6,16,-10,-0.97,-0.45,7.0,12.1,-5.1,-0.5,0.28
ESP-La Liga,2324,Cádiz,Isaac Carcelen,ESP,DF,30-283,1993,21,1654,79,83.5,18.4,19,85,16,2,16,1,0.76,13,23,-10,-0.54,1.11,15.3,25.4,-10.1,-0.55,0.58
ESP-La Liga,2324,Cádiz,Iván Alejo,ESP,MF,28-355,1995,20,1379,69,69.6,15.3,18,73,3,2,35,0,0.8,12,19,-7,-0.46,0.89,13.8,19.6,-5.8,-0.38,0.88
ESP-La Liga,2324,Cádiz,Javi Hernández,ESP,DF,25-274,1998,18,1489,83,75.2,16.5,17,88,15,1,1,2,0.78,14,27,-13,-0.79,-0.24,13.5,25.5,-11.9,-0.72,-0.31
ESP-La Liga,2324,Cádiz,Jeremías Ledesma,ARG,GK,30-352,1993,19,1698,89,85.8,18.9,19,89,18,0,,0,0.68,13,29,-16,-0.85,-0.85,16.1,27.9,-11.8,-0.62,0.14
ESP-La Liga,2324,Cádiz,Jorge Meré,ESP,DF,26-289,1997,6,328,55,16.6,3.6,4,70,0,2,25,11,0.83,3,8,-5,-1.37,-0.77,1.2,6.0,-4.8,-1.32,-0.81
ESP-La Liga,2324,Cádiz,Joseba Zaldúa,ESP,DF,31-221,1992,5,276,55,13.9,3.1,3,75,0,2,26,16,0.4,2,6,-4,-1.3,-0.67,1.9,5.4,-3.5,-1.15,-0.58
ESP-La Liga,2324,Cádiz,José Antonio,ESP,FW,19-187,2004,0,,,,,0,,0,0,,2,,,,,,,,,,,
ESP-La Liga,2324,Cádiz,José Mari,ESP,"MF,FW",36-056,1987,3,14,5,0.7,0.2,0,,0,3,5,14,1.25,2,3,-1,-6.43,-5.74,0.2,0.5,-0.2,-1.43,-0.79
ESP-La Liga,2324,Cádiz,Karl Etta,CMR,FW,20-030,2004,1,21,21,1.1,0.2,0,,0,1,21,0,0.0,0,0,0,0.0,0.74,0.0,0.8,-0.8,-3.41,-2.79
ESP-La Liga,2324,Cádiz,Lucas,BRA,DF,22-313,2001,16,965,60,48.7,10.7,9,90,8,7,23,6,0.63,5,16,-11,-1.03,-0.58,9.1,14.7,-5.7,-0.53,0.23
ESP-La Liga,2324,Cádiz,Luis Hernández,ESP,DF,34-292,1989,9,723,80,36.5,8.0,8,90,8,1,3,0,1.0,6,13,-7,-0.87,-0.23,8.3,13.1,-4.8,-0.59,0.08
ESP-La Liga,2324,Cádiz,Mamadou Mbaye,SEN,DF,25-217,1998,4,288,72,14.5,3.2,2,90,2,2,54,15,0.75,2,5,-3,-0.94,-0.25,1.6,5.7,-4.2,-1.3,-0.77
ESP-La Liga,2324,Cádiz,Maxi Gómez,URU,FW,27-170,1996,17,706,42,35.7,7.8,7,66,0,10,24,3,0.65,3,14,-11,-1.4,-1.05,5.8,11.5,-5.7,-0.73,-0.13
ESP-La Liga,2324,Cádiz,Milutin Osmajić,MNE,MF,24-190,1999,1,5,5,0.3,0.1,0,,0,1,5,2,0.0,0,1,-1,-18.0,-17.32,0.2,0.5,-0.3,-5.37,-4.74
ESP-La Liga,2324,Cádiz,Moussa Diakité,MLI,MF,20-088,2003,1,1,1,0.1,0.0,0,,0,1,1,1,1.0,0,0,0,0.0,0.73,0.0,0.0,0.0,0.0,0.64
ESP-La Liga,2324,Cádiz,Roberto Navarro,ESP,MF,21-294,2002,12,619,52,31.3,6.9,8,61,1,4,33,4,0.42,3,10,-7,-1.02,-0.42,5.3,8.3,-3.0,-0.43,0.31
ESP-La Liga,2324,Cádiz,Roger Martí,ESP,FW,33-028,1991,16,1045,65,52.8,11.6,14,71,2,2,25,0,0.88,12,11,1,0.09,1.72,11.2,14.8,-3.7,-0.32,0.69
ESP-La Liga,2324,Cádiz,Rominigue Kouamé,MLI,MF,27-045,1996,10,517,52,26.1,5.7,5,78,2,5,26,3,0.4,6,11,-5,-0.87,-0.19,5.8,9.3,-3.5,-0.62,0.04
ESP-La Liga,2324,Cádiz,Rubén Alcaraz,ESP,MF,32-275,1991,21,1784,85,90.1,19.8,21,85,14,0,,0,0.76,15,24,-9,-0.45,2.76,16.6,27.4,-10.7,-0.54,1.04
ESP-La Liga,2324,Cádiz,Rubén Sobrino,ESP,"MF,FW",31-244,1992,18,722,40,36.5,8.0,6,68,1,12,26,1,0.89,3,11,-8,-1.0,-0.42,4.9,13.4,-8.6,-1.07,-0.66
ESP-La Liga,2324,Cádiz,Sergi Guardiola,ESP,"FW,MF",32-247,1991,12,285,24,14.4,3.2,1,69,0,11,20,5,0.5,1,5,-4,-1.26,-0.63,2.0,4.7,-2.7,-0.85,-0.24
ESP-La Liga,2324,Cádiz,Victor Wehbi,BRA,GK,21-106,2002,0,,,,,0,,0,0,,5,,,,,,,,,,,
ESP-La Liga,2324,Cádiz,Víctor Chust,ESP,DF,23-332,2000,7,539,77,27.2,6.0,7,77,4,0,,6,0.57,1,5,-4,-0.67,0.08,4.4,6.4,-2.0,-0.33,0.43
ESP-La Liga,2324,Cádiz,Álex Fernández,ESP,"MF,FW",31-108,1992,17,768,45,38.8,8.5,8,77,4,9,17,4,0.82,3,12,-9,-1.05,-0.53,6.4,15.5,-9.1,-1.07,-0.69
ESP-La Liga,2324,Cádiz,Álvaro Bastida,ESP,MF,19-264,2004,0,,,,,0,,0,0,,2,,,,,,,,,,,
ESP-La Liga,2324,Cádiz,Álvaro Negredo,ESP,"FW,MF",38-164,1985,7,54,8,2.7,0.6,0,,0,7,8,15,0.43,0,2,-2,-3.33,-2.68,0.7,2.6,-1.9,-3.2,-2.62
ESP-La Liga,2324,Getafe,Anthony Lozano,HON,"MF,FW",30-281,1993,6,92,15,4.9,1.0,0,,0,6,15,13,0.33,1,4,-3,-2.93,-3.08,0.9,3.2,-2.3,-2.22,-2.08
ESP-La Liga,2324,Getafe,Borja Mayoral,ESP,FW,26-301,1997,21,1679,80,88.8,18.7,20,83,8,1,27,0,1.38,27,22,5,0.27,2.4,22.4,23.3,-0.9,-0.05,1.66
ESP-La Liga,2324,Getafe,Carles Aleñá,ESP,MF,26-026,1998,17,671,39,35.5,7.5,8,59,0,9,22,3,1.39,11,14,-3,-0.4,-0.62,9.7,12.1,-2.3,-0.31,-0.12
ESP-La Liga,2324,Getafe,Carmona,ESP,"MF,FW",22-002,2002,14,561,40,29.7,6.2,7,64,2,7,16,0,1.29,10,10,0,0.0,0.0,8.1,10.3,-2.2,-0.35,-0.16
ESP-La Liga,2324,Getafe,Damián Suárez,URU,DF,35-279,1988,15,1209,81,64.0,13.4,14,83,8,1,45,1,1.19,20,22,-2,-0.15,-0.41,15.0,19.7,-4.7,-0.35,-0.33
ESP-La Liga,2324,Getafe,Daniel Fuzato,BRA,GK,26-211,1997,0,,,,,0,,0,0,,21,,,,,,,,,,,
ESP-La Liga,2324,Getafe,David Soria,ESP,GK,30-302,1993,21,1890,90,100.0,21.0,21,90,21,0,,0,1.38,28,28,0,0.0,,24.3,29.3,-4.9,-0.23,
ESP-La Liga,2324,Getafe,Diego Rico,ESP,DF,30-342,1993,16,1425,89,75.4,15.8,16,89,12,0,,0,1.38,25,22,3,0.19,0.77,19.0,21.8,-2.8,-0.18,0.23
ESP-La Liga,2324,Getafe,Djené,TOG,"MF,DF",32-031,1991,18,1319,73,69.8,14.7,16,79,10,2,30,0,1.44,17,18,-1,-0.07,-0.23,14.6,19.7,-5.2,-0.35,-0.4
ESP-La Liga,2324,Getafe,Djordjije Medenica,ESP,GK,17-075,2006,0,,,,,0,,0,0,,1,,,,,,,,,,,
ESP-La Liga,2324,Getafe,Domingos Duarte,POR,DF,28-327,1995,11,760,69,40.2,8.4,9,80,6,2,21,8,1.27,11,14,-3,-0.36,-0.59,9.6,12.9,-3.3,-0.39,-0.27
ESP-La Liga,2324,Getafe,Enes Ünal,TUR,"FW,MF",26-266,1997,3,140,47,7.4,1.6,1,90,1,2,25,1,1.0,2,3,-1,-0.64,-0.69,1.6,2.1,-0.5,-0.33,-0.1
ESP-La Liga,2324,Getafe,Fabrizio Angileri,ARG,"DF,MF",29-322,1994,6,98,16,5.2,1.1,1,64,0,5,7,13,2.0,4,5,-1,-0.92,-0.97,1.7,2.0,-0.3,-0.26,-0.02
ESP-La Liga,2324,Getafe,Facundo Esnáider,ESP,MF,,,0,,,,,0,,0,0,,2,,,,,,,,,,,
ESP-La Liga,2324,Getafe,Gastón Álvarez,URU,DF,23-313,2000,19,1475,78,78.0,16.4,17,86,14,2,7,1,1.47,18,21,-3,-0.18,-0.83,19.5,22.5,-2.9,-0.18,0.25
ESP-La Liga,2324,Getafe,Gorka Rivera Alonso,ESP,DF,19-183,2004,1,3,3,0.2,0.0,0,,0,1,3,3,0.0,0,0,0,0.0,0.0,0.0,0.2,-0.2,-7.41,-7.19
ESP-La Liga,2324,Getafe,Iglesias,ESP,"DF,FW",25-212,1998,15,890,59,47.1,9.9,9,81,5,6,27,5,1.38,9,11,-2,-0.2,-0.38,10.1,12.3,-2.2,-0.22,0.03
ESP-La Liga,2324,Getafe,Jaime Mata,ESP,"MF,FW",35-099,1988,18,850,47,45.0,9.4,12,65,2,6,12,1,1.61,14,14,0,0.0,0.0,9.6,15.4,-5.8,-0.61,-0.68
ESP-La Liga,2324,Getafe,Jesús Santiago,ESP,MF,19-251,2004,1,80,80,4.2,0.9,1,80,0,0,,1,3.0,2,0,2,2.25,2.35,1.3,1.8,-0.5,-0.57,-0.35
ESP-La Liga,2324,Getafe,John Joe,IRL,MF,20-099,2003,0,,,,,0,,0,0,,6,,,,,,,,,,,
ESP-La Liga,2324,Getafe,Jordi,ESP,MF,23-026,2001,4,206,52,10.9,2.3,2,76,0,2,27,7,1.75,6,1,5,2.18,2.45,4.2,2.5,1.7,0.74,1.09
ESP-La Liga,2324,Getafe,Jorge Benito,ESP,GK,18-030,2006,0,,,,,0,,0,0,,12,,,,,,,,,,,
ESP-La Liga,2324,Getafe,Juanmi Latasa,ESP,FW,22-314,2001,19,1030,54,54.5,11.4,11,74,3,8,27,1,1.37,14,14,0,0.0,0.0,13.6,15.0,-1.4,-0.12,0.25
ESP-La Liga,2324,Getafe,Luis Milla,ESP,MF,29-116,1994,10,718,72,38.0,8.0,8,84,4,2,23,0,1.5,12,12,0,0.0,0.0,11.9,10.7,1.2,0.16,0.63
ESP-La Liga,2324,Getafe,Mason Greenwood,ENG,"MF,FW",22-122,2001,17,1246,73,65.9,13.8,14,83,7,3,27,0,1.47,22,18,4,0.29,0.85,18.0,18.5,-0.5,-0.03,0.59
ESP-La Liga,2324,Getafe,Mauro Arambarri,URU,MF,28-123,1995,7,339,48,17.9,3.8,3,70,1,4,32,0,1.0,4,6,-2,-0.53,-0.65,3.2,4.6,-1.4,-0.38,-0.18
ESP-La Liga,2324,Getafe,Nabil Aberdin,FRA,DF,21-161,2002,0,,,,,0,,0,0,,2,,,,,,,,,,,
ESP-La Liga,2324,Getafe,Nemanja Maksimović,SRB,MF,29-005,1995,21,1875,89,99.2,20.8,21,89,19,0,,0,1.38,26,28,-2,-0.1,-12.1,23.0,29.2,-6.2,-0.3,-7.39
ESP-La Liga,2324,Getafe,Omar Alderete,PAR,DF,27-036,1996,15,820,55,43.4,9.1,9,75,6,6,24,3,1.31,15,12,3,0.33,0.58,11.6,13.0,-1.4,-0.16,0.14
ESP-La Liga,2324,Getafe,Portu,ESP,FW,31-255,1992,3,97,32,5.1,1.1,0,,0,3,32,0,1.33,1,1,0,0.0,0.0,1.8,1.8,0.0,-0.01,0.24
ESP-La Liga,2324,Getafe,Santiago García,,FW,22-155,2001,1,25,25,1.3,0.3,0,,0,1,25,1,0.0,0,0,0,0.0,0.0,0.3,0.3,0.0,-0.03,0.2
ESP-La Liga,2324,Getafe,Stefan Mitrović,SRB,DF,33-254,1990,11,699,64,37.0,7.8,9,75,5,2,11,10,1.18,9,11,-2,-0.26,-0.41,5.8,9.4,-3.6,-0.46,-0.36
ESP-La Liga,2324,Getafe,Óscar Rodríguez Arnaiz,ESP,"MF,FW",25-217,1998,12,315,26,16.7,3.5,2,49,0,10,22,4,1.5,8,2,6,1.71,2.06,4.4,2.5,2.0,0.56,0.95
ESP-La Liga,2324,Girona,Aleix García,ESP,MF,26-217,1997,21,1879,89,94.9,20.9,21,89,20,0,,0,2.48,47,24,23,1.1,-2.46,37.3,28.9,8.3,0.4,-0.42
ESP-La Liga,2324,Girona,Antal Yaakobishvili,HUN,DF,19-203,2004,1,61,61,3.1,0.7,0,,0,1,61,2,3.0,2,0,2,2.95,1.78,1.5,0.4,1.1,1.55,1.17
ESP-La Liga,2324,Girona,Arnau Martinez,ESP,DF,20-281,2003,14,919,66,46.4,10.2,11,79,4,3,16,7,2.57,16,7,9,0.88,-0.65,14.5,12.8,1.8,0.17,-0.46
ESP-La Liga,2324,Girona,Artem Dovbyk,UKR,FW,26-224,1997,21,1334,64,67.4,14.8,17,72,3,4,26,0,2.57,37,16,21,1.42,0.58,28.7,19.2,9.5,0.64,0.67
ESP-La Liga,2324,Girona,Bernardo Espinosa,COL,DF,34-204,1989,2,2,1,0.1,0.0,0,,0,2,1,11,2.0,0,0,0,0.0,-1.23,0.2,0.3,-0.1,-3.28,-3.71
ESP-La Liga,2324,Girona,Borja García,ESP,"FW,MF",33-090,1990,0,,,,,0,,0,0,,3,,,,,,,,,,,
ESP-La Liga,2324,Girona,Cristhian Stuani,URU,FW,37-111,1986,20,640,32,32.3,7.1,5,65,0,15,21,1,2.45,17,9,8,1.13,-0.15,11.9,11.2,0.7,0.1,-0.48
ESP-La Liga,2324,Girona,Daley Blind,NED,DF,33-328,1990,22,1892,86,95.6,21.0,21,90,20,1,3,0,2.5,50,24,26,1.24,0.21,37.6,28.5,9.1,0.43,0.3
ESP-La Liga,2324,Girona,David López,ESP,"DF,MF",34-114,1989,15,1188,79,60.0,13.2,15,79,10,0,,1,2.53,31,15,16,1.21,-0.04,22.4,18.2,4.2,0.32,-0.26
ESP-La Liga,2324,Girona,Eric García,ESP,DF,23-022,2001,14,1220,87,61.6,13.6,14,87,11,0,,1,2.5,37,20,17,1.25,0.07,29.2,21.7,7.5,0.55,0.34
ESP-La Liga,2324,Girona,Eric Monjonell,ESP,DF,22-046,2001,0,,,,,0,,0,0,,2,,,,,,,,,,,
ESP-La Liga,2324,Girona,Ibrahima Kebe,MLI,MF,23-182,2000,2,9,5,0.5,0.1,0,,0,2,5,15,2.0,0,0,0,0.0,-1.23,0.1,0.3,-0.2,-1.57,-2.0
ESP-La Liga,2324,Girona,Iker Almena,ESP,FW,19-272,2004,0,,,,,0,,0,0,,5,,,,,,,,,,,
ESP-La Liga,2324,Girona,Iván Martín,ESP,"MF,FW",24-351,1999,21,1583,75,79.9,17.6,19,82,7,2,14,1,2.62,42,19,23,1.31,0.4,31.4,23.9,7.5,0.43,0.03
ESP-La Liga,2324,Girona,Jastin García,ESP,FW,20-016,2004,0,,,,,0,,0,0,,1,,,,,,,,,,,
ESP-La Liga,2324,Girona,Jhon Solis,COL,MF,19-120,2004,8,132,17,6.7,1.5,0,,0,8,17,10,2.13,3,2,1,0.68,-0.58,2.5,2.6,-0.1,-0.09,-0.55
ESP-La Liga,2324,Girona,Juan Carlos,ESP,GK,36-011,1988,0,,,,,0,,0,0,,16,,,,,,,,,,,
ESP-La Liga,2324,Girona,Juanpe,ESP,DF,32-276,1991,9,309,34,15.6,3.4,2,60,1,7,27,12,2.56,6,4,2,0.58,-0.76,5.1,4.6,0.4,0.12,-0.35
ESP-La Liga,2324,Girona,Manu Vallejo,ESP,"FW,MF",26-351,1997,0,,,,,0,,0,0,,2,,,,,,,,,,,
ESP-La Liga,2324,Girona,Miguel Gutiérrez,ESP,"DF,MF",22-188,2001,21,1861,89,94.0,20.7,21,89,20,0,,1,2.48,47,22,25,1.21,-0.3,35.9,28.2,7.7,0.37,-0.79
ESP-La Liga,2324,Girona,Pablo Torre,ESP,"MF,FW",20-303,2003,15,438,29,22.1,4.9,3,62,0,12,21,6,2.27,7,6,1,0.21,-1.31,6.3,7.7,-1.4,-0.29,-0.91
ESP-La Liga,2324,Girona,Paulo Gazzaniga,ARG,GK,32-029,1992,22,1980,90,100.0,22.0,22,90,22,0,,0,2.5,52,25,27,1.23,,39.6,30.4,9.2,0.42,
ESP-La Liga,2324,Girona,Portu,ESP,"MF,FW",31-255,1992,17,479,28,24.2,5.3,3,74,1,14,18,2,2.59,21,7,14,2.63,1.85,12.9,6.5,6.4,1.21,1.04
ESP-La Liga,2324,Girona,Ricard Artero,ESP,MF,20-360,2003,0,,,,,0,,0,0,,2,,,,,,,,,,,
ESP-La Liga,2324,Girona,Santiago Bueno,URU,DF,25-083,1998,0,,,,,0,,0,0,,1,,,,,,,,,,,
ESP-La Liga,2324,Girona,Silvi Clúa,ESP,MF,19-002,2005,1,1,1,0.1,0.0,0,,0,1,1,3,3.0,0,0,0,0.0,-1.23,0.2,0.0,0.2,22.23,21.82
ESP-La Liga,2324,Girona,Sávio,BRA,"MF,FW",19-296,2004,22,1724,78,87.1,19.2,21,81,7,1,24,0,2.5,47,22,25,1.31,0.6,36.3,26.4,9.8,0.51,0.73
ESP-La Liga,2324,Girona,Toni Fuidias,ESP,GK,22-291,2001,0,,,,,0,,0,0,,22,,,,,,,,,,,
ESP-La Liga,2324,Girona,Valery Fernández,ESP,"MF,DF",24-069,1999,18,403,22,20.4,4.5,2,62,0,16,17,3,2.39,10,8,2,0.45,-0.98,8.1,8.5,-0.4,-0.09,-0.63
ESP-La Liga,2324,Girona,Viktor Tsyhankov,UKR,"MF,DF",26-077,1997,17,1133,67,57.2,12.6,14,76,3,3,22,0,2.47,32,12,20,1.59,0.84,22.3,18.3,4.0,0.32,-0.24
ESP-La Liga,2324,Girona,Yan Couto,BRA,"DF,MF",21-242,2002,21,1335,64,67.4,14.8,15,81,8,6,21,1,2.48,36,18,18,1.21,-0.04,26.7,18.3,8.4,0.57,0.45
ESP-La Liga,2324,Girona,Yangel Herrera,VEN,MF,26-017,1998,17,1247,73,63.0,13.9,16,77,6,1,20,1,2.59,32,15,17,1.23,0.0,24.8,16.2,8.6,0.62,0.54
ESP-La Liga,2324,Granada,Adri Bosch,ESP,DF,22-236,2001,1,26,26,1.3,0.3,0,,0,1,26,10,0.0,2,2,0,0.0,1.01,0.7,1.6,-0.9,-3.16,-2.66
ESP-La Liga,2324,Granada,Adrián López,ESP,GK,25-022,1999,0,,,,,0,,0,0,,17,,,,,,,,,,,
ESP-La Liga,2324,Granada,Alberto Perea,ESP,"MF,FW",33-043,1990,2,2,1,0.1,0.0,0,,0,2,1,12,1.5,0,0,0,0.0,1.0,0.3,0.9,-0.6,-25.41,-24.91
ESP-La Liga,2324,Granada,Alberto Soro,ESP,MF,24-328,1999,1,8,8,0.4,0.1,0,,0,1,8,1,3.0,0,1,-1,-11.25,-10.29,0.1,0.6,-0.5,-5.81,-5.3
ESP-La Liga,2324,Granada,André Ferreira,POR,GK,27-247,1996,15,1340,89,67.7,14.9,14,90,14,1,80,6,0.33,12,29,-17,-1.14,-0.44,15.9,24.6,-8.7,-0.59,-0.18
ESP-La Liga,2324,Granada,Antonio Puertas,ESP,"MF,FW",31-344,1992,21,621,30,31.4,6.9,5,76,1,16,15,0,0.38,9,18,-9,-1.3,-0.44,10.2,11.7,-1.6,-0.23,0.44
ESP-La Liga,2324,Granada,Augusto Batalla,ARG,GK,27-276,1996,4,360,90,18.2,4.0,4,90,4,0,,0,0.75,2,4,-2,-0.5,0.61,6.0,5.1,1.0,0.24,0.95
ESP-La Liga,2324,Granada,Bruno Méndez,URU,DF,24-143,1999,4,347,87,17.5,3.9,4,87,2,0,,0,0.75,2,4,-2,-0.52,0.58,5.4,5.0,0.4,0.12,0.78
ESP-La Liga,2324,Granada,Bryan Zaragoza,ESP,"MF,FW",22-281,2001,21,1638,78,82.7,18.2,18,87,13,3,27,0,0.52,19,37,-18,-0.99,0.06,22.0,32.2,-10.2,-0.56,-0.17
ESP-La Liga,2324,Granada,Carlos Neva,ESP,DF,27-233,1996,22,1888,86,95.4,21.0,22,86,15,0,,0,0.5,21,41,-20,-0.95,1.0,24.5,36.1,-11.7,-0.56,-0.55
ESP-La Liga,2324,Granada,Eghosa Bello,NGA,FW,19-320,2004,0,,,,,0,,0,0,,1,,,,,,,,,,,
ESP-La Liga,2324,Granada,Faitout Maouassa,FRA,DF,25-209,1998,1,3,3,0.2,0.0,0,,0,1,3,0,0.0,0,0,0,0.0,1.0,0.1,0.0,0.1,2.83,3.37
ESP-La Liga,2324,Granada,Famara Diedhiou,SEN,"FW,MF",31-047,1992,8,89,11,4.5,1.0,0,,0,8,11,8,0.5,2,3,-1,-1.01,-0.01,2.2,2.0,0.2,0.2,0.77
ESP-La Liga,2324,Granada,Fran Árbol,ESP,GK,17-215,2006,0,,,,,0,,0,0,,2,,,,,,,,,,,
ESP-La Liga,2324,Granada,Gerard Gumbau,ESP,MF,29-044,1994,20,1583,79,79.9,17.6,19,82,10,1,23,0,0.4,16,39,-23,-1.31,-1.53,17.5,29.3,-11.8,-0.67,-0.7
ESP-La Liga,2324,Granada,Gonzalo Villar,ESP,MF,25-314,1998,20,1201,60,60.7,13.3,14,75,4,6,26,0,0.4,16,24,-8,-0.6,1.02,17.8,22.1,-4.3,-0.32,0.53
ESP-La Liga,2324,Granada,Ignasi Miquel,ESP,DF,31-125,1992,22,1935,88,97.7,21.5,22,88,21,0,,0,0.5,19,44,-25,-1.16,-7.16,23.3,36.9,-13.5,-0.63,-4.38
ESP-La Liga,2324,Granada,Jesús Vallejo,ESP,DF,27-026,1997,3,108,36,5.5,1.2,1,90,1,2,9,1,1.33,1,4,-3,-2.5,-1.59,1.6,3.2,-1.6,-1.31,-0.83
ESP-La Liga,2324,Granada,José Callejón,ESP,"MF,FW",36-354,1987,18,621,35,31.4,6.9,7,65,0,11,15,4,0.61,6,13,-7,-1.01,-0.02,7.7,14.3,-6.6,-0.96,-0.63
ESP-La Liga,2324,Granada,Kamil Piątkowski,POL,DF,23-224,2000,1,90,90,4.5,1.0,1,90,1,0,,1,0.0,0,1,-1,-1.0,0.0,0.5,1.8,-1.3,-1.26,-0.76
ESP-La Liga,2324,Granada,Lassina Sangare,CIV,MF,22-072,2001,0,,,,,0,,0,0,,2,,,,,,,,,,,
ESP-La Liga,2324,Granada,Lucas Boyé,ARG,FW,27-337,1996,17,1393,82,70.4,15.5,17,82,7,0,,0,0.47,15,30,-15,-0.97,0.1,15.8,24.8,-9.0,-0.58,-0.17
ESP-La Liga,2324,Granada,Marc Martínez,ESP,GK,33-302,1990,0,,,,,0,,0,0,,1,,,,,,,,,,,
ESP-La Liga,2324,Granada,Mario González,ESP,MF,19-360,2004,0,,,,,0,,0,0,,1,,,,,,,,,,,
ESP-La Liga,2324,Granada,Martin Hongla,CMR,MF,25-321,1998,1,4,4,0.2,0.0,0,,0,1,4,0,0.0,0,0,0,0.0,1.0,0.0,0.0,0.0,0.5,1.04
ESP-La Liga,2324,Granada,Matias Arezo,URU,FW,21-071,2002,4,148,37,7.5,1.6,1,90,1,3,19,0,0.75,0,3,-3,-1.82,-0.89,3.0,2.3,0.7,0.41,1.02
ESP-La Liga,2324,Granada,Miguel Ángel Rubio,ESP,DF,25-326,1998,8,571,71,28.8,6.3,6,86,5,2,29,7,1.0,10,14,-4,-0.63,0.52,8.0,13.0,-5.0,-0.79,-0.37
ESP-La Liga,2324,Granada,Myrto Uzuni,ALB,"FW,MF",28-245,1995,22,1629,74,82.3,18.1,19,81,9,3,30,0,0.5,19,35,-16,-0.88,0.65,19.3,29.9,-10.6,-0.58,-0.3
ESP-La Liga,2324,Granada,Njegoš Petrović,SRB,"MF,FW",24-197,1999,10,157,16,7.9,1.7,0,,0,10,16,10,0.6,0,3,-3,-1.72,-0.78,2.1,5.4,-3.3,-1.88,-1.47
ESP-La Liga,2324,Granada,Pablo Saenz,,FW,,,0,,,,,0,,0,0,,1,,,,,,,,,,,
ESP-La Liga,2324,Granada,Pol Tristán,ESP,GK,21-319,2002,0,,,,,0,,0,0,,1,,,,,,,,,,,
ESP-La Liga,2324,Granada,Raúl Fernández,ESP,GK,35-324,1988,4,280,70,14.1,3.1,4,70,3,0,,5,0.75,8,11,-3,-0.96,0.04,3.8,7.7,-3.9,-1.25,-0.84
ESP-La Liga,2324,Granada,Raúl Torrente,ESP,DF,22-142,2001,13,1034,80,52.2,11.5,11,88,10,2,31,5,0.38,11,21,-10,-0.87,0.27,13.9,17.1,-3.2,-0.28,0.52
ESP-La Liga,2324,Granada,Ricard Sánchez,ESP,DF,23-343,2000,20,1525,76,77.0,16.9,17,87,9,3,18,1,0.5,19,33,-14,-0.83,0.76,20.7,26.6,-5.9,-0.35,0.8
ESP-La Liga,2324,Granada,Samuel Omorodion,ESP,FW,19-271,2004,1,80,80,4.0,0.9,1,80,0,0,,0,0.0,1,2,-1,-1.13,-0.13,0.8,1.9,-1.1,-1.26,-0.76
ESP-La Liga,2324,Granada,Sergio Ruiz,ESP,MF,29-046,1994,20,1300,65,65.7,14.4,15,80,6,5,20,1,0.52,14,28,-14,-0.97,0.09,16.1,20.8,-4.7,-0.32,0.6
ESP-La Liga,2324,Granada,Shon Weissman,ISR,FW,27-351,1996,5,82,16,4.1,0.9,0,,0,5,16,6,0.4,1,0,1,1.1,2.19,2.2,1.2,1.0,1.07,1.66
ESP-La Liga,2324,Granada,Víctor Díaz,ESP,"DF,MF",35-233,1988,4,162,41,8.2,1.8,2,63,0,2,19,14,0.75,1,8,-7,-3.89,-3.15,0.6,3.5,-2.9,-1.61,-1.17
ESP-La Liga,2324,Granada,Wilson Manafá,POR,"DF,MF",29-192,1994,4,240,60,12.1,2.7,3,77,1,1,9,14,0.25,1,6,-5,-1.87,-1.0,2.1,4.4,-2.2,-0.84,-0.35
ESP-La Liga,2324,Granada,Álvaro Carreras,ESP,"MF,FW",20-314,2003,13,475,37,24.0,5.3,5,67,0,8,18,2,0.46,10,11,-1,-0.19,1.07,8.7,7.3,1.4,0.27,1.05
ESP-La Liga,2324,Granada,Óscar Melendo,ESP,"MF,FW",26-161,1997,16,820,51,41.4,9.1,10,70,0,6,20,6,0.31,7,17,-10,-1.1,-0.17,9.2,15.6,-6.4,-0.7,-0.3
ESP-La Liga,2324,Las Palmas,Aarón Escandell,ESP,GK,28-126,1995,0,,,,,0,,0,0,,22,,,,,,,,,,,
ESP-La Liga,2324,Las Palmas,Alberto Moleiro,ESP,"FW,MF",20-123,2003,12,714,60,36.1,7.9,9,70,1,3,27,0,1.67,12,6,6,0.76,0.97,5.9,11.2,-5.3,-0.66,-0.02
ESP-La Liga,2324,Las Palmas,Ale Gorrin,ESP,GK,21-176,2002,0,,,,,0,,0,0,,15,,,,,,,,,,,
ESP-La Liga,2324,Las Palmas,Benito Ramírez,ESP,"FW,MF",28-204,1995,10,155,16,7.8,1.7,0,,0,10,16,6,1.7,2,3,-1,-0.58,-0.78,1.4,3.8,-2.4,-1.39,-0.8
ESP-La Liga,2324,Las Palmas,Cristian Herrera,ESP,FW,32-324,1991,6,127,21,6.4,1.4,1,90,1,5,7,16,2.17,2,4,-2,-1.42,-1.66,1.7,3.6,-1.9,-1.32,-0.72
ESP-La Liga,2324,Las Palmas,Daley Sinkgraven,NED,DF,28-211,1995,7,242,35,12.2,2.7,4,55,1,3,7,10,1.14,4,2,2,0.74,0.69,1.8,4.8,-3.0,-1.2,-0.62
ESP-La Liga,2324,Las Palmas,Enzo Loiodice,FRA,MF,23-065,2000,22,1142,52,57.7,12.7,12,78,4,10,20,0,1.41,8,10,-2,-0.16,-0.69,9.9,18.0,-8.0,-0.63,0.04
ESP-La Liga,2324,Las Palmas,Eric Curbelo,ESP,DF,30-017,1994,1,90,90,4.5,1.0,1,90,1,0,,12,0.0,0,2,-2,-2.0,-2.24,0.7,1.7,-1.0,-0.98,-0.35
ESP-La Liga,2324,Las Palmas,Fabio González,ESP,MF,26-353,1997,0,,,,,0,,0,0,,2,,,,,,,,,,,
ESP-La Liga,2324,Las Palmas,Francisco Jesús Crespo García,ESP,FW,27-186,1996,11,441,40,22.3,4.9,6,60,0,5,16,9,1.0,3,4,-1,-0.2,-0.44,5.1,7.2,-2.2,-0.44,0.27
ESP-La Liga,2324,Las Palmas,Iñaki González,ESP,MF,19-188,2004,1,5,5,0.3,0.1,0,,0,1,5,6,3.0,0,0,0,0.0,-0.14,0.2,0.1,0.1,2.2,2.86
ESP-La Liga,2324,Las Palmas,Javier Muñoz,ESP,MF,28-337,1995,22,1596,73,80.6,17.7,18,85,11,4,15,0,1.41,20,16,4,0.23,0.46,13.4,28.7,-15.2,-0.86,-1.07
ESP-La Liga,2324,Las Palmas,Jonathan Viera,ESP,"MF,FW",34-102,1989,9,617,69,31.2,6.9,7,82,3,2,22,0,1.22,3,7,-4,-0.58,-1.05,6.4,8.6,-2.2,-0.32,0.49
ESP-La Liga,2324,Las Palmas,Juan Herzog,ESP,DF,20-263,2003,3,202,67,10.2,2.2,2,90,2,1,22,10,2.0,5,1,4,1.78,1.83,1.5,3.8,-2.3,-1.01,-0.4
ESP-La Liga,2324,Las Palmas,Julian Araujo,MEX,DF,22-171,2001,16,996,62,50.3,11.1,10,81,8,6,30,1,1.31,7,9,-2,-0.18,-0.64,8.0,16.1,-8.1,-0.74,-0.17
ESP-La Liga,2324,Las Palmas,Kirian Rodríguez,ESP,MF,27-332,1996,21,1771,84,89.4,19.7,20,86,13,1,45,0,1.48,22,16,6,0.3,1.6,16.2,25.9,-9.6,-0.49,1.54
ESP-La Liga,2324,Las Palmas,Marc Cardona,ESP,FW,28-207,1995,13,420,32,21.2,4.7,5,64,0,8,12,7,1.43,7,4,3,0.64,0.64,6.3,6.6,-0.3,-0.07,0.75
ESP-La Liga,2324,Las Palmas,Marvin,ESP,"FW,MF",23-212,2000,17,776,46,39.2,8.6,6,72,0,11,31,1,1.71,10,7,3,0.35,0.35,7.6,13.1,-5.5,-0.64,0.02
ESP-La Liga,2324,Las Palmas,Mika Màrmol,ESP,DF,21-213,2002,20,1758,88,88.8,19.5,20,88,18,0,,1,1.5,20,16,4,0.2,0.61,15.9,29.1,-13.1,-0.67,-0.18
ESP-La Liga,2324,Las Palmas,Munir El Haddadi,MAR,FW,28-152,1995,22,1648,75,83.2,18.3,21,77,3,1,27,0,1.41,18,9,9,0.49,2.12,13.9,23.8,-9.9,-0.54,0.67
ESP-La Liga,2324,Las Palmas,Máximo Perrone,ARG,MF,21-024,2003,19,1019,54,51.5,11.3,11,76,5,8,23,0,1.53,13,10,3,0.26,0.26,9.3,18.8,-9.6,-0.84,-0.4
ESP-La Liga,2324,Las Palmas,Omenuke Mfulu,COD,"MF,FW",29-317,1994,5,82,16,4.1,0.9,1,45,0,4,9,10,0.83,1,3,-2,-2.2,-2.43,0.3,2.9,-2.6,-2.94,-2.39
ESP-La Liga,2324,Las Palmas,Pau Ferrer,ESP,FW,20-106,2003,0,,,,,0,,0,0,,1,,,,,,,,,,,
ESP-La Liga,2324,Las Palmas,Sandro Ramírez,ESP,FW,28-206,1995,11,782,71,39.5,8.7,9,81,3,2,29,3,1.0,8,6,2,0.23,0.16,6.2,12.9,-6.7,-0.77,-0.19
ESP-La Liga,2324,Las Palmas,Saúl Coco,EQG,DF,24-356,1999,16,1209,76,61.1,13.4,13,87,12,3,28,3,1.38,14,13,1,0.07,-0.16,11.2,20.2,-9.0,-0.67,-0.05
ESP-La Liga,2324,Las Palmas,Sergi Cardona,ESP,DF,24-207,1999,21,1734,83,87.6,19.3,18,89,17,3,47,0,1.43,20,17,3,0.16,0.16,16.2,27.2,-11.0,-0.57,0.64
ESP-La Liga,2324,Las Palmas,Sory Kaba,GUI,FW,28-187,1995,13,586,45,29.6,6.5,7,69,2,6,18,7,1.31,2,7,-5,-0.77,-1.28,4.8,10.0,-5.2,-0.8,-0.21
ESP-La Liga,2324,Las Palmas,Álex Suárez,ESP,DF,30-319,1993,18,1460,81,73.7,16.2,17,86,14,1,1,4,1.33,18,15,3,0.18,0.18,13.5,21.0,-7.4,-0.46,0.73
ESP-La Liga,2324,Las Palmas,Álvaro Lemos,ESP,DF,30-307,1993,3,194,65,9.8,2.2,2,68,1,1,59,8,1.33,3,2,1,0.46,0.36,2.7,3.3,-0.6,-0.28,0.41
ESP-La Liga,2324,Las Palmas,Álvaro Vallés,ESP,GK,26-190,1997,22,1980,90,100.0,22.0,22,90,22,0,,0,1.41,22,19,3,0.14,,18.1,32.4,-14.3,-0.65,
ESP-La Liga,2324,Mallorca,Abdón Prats,ESP,"FW,MF",31-055,1992,19,818,43,41.3,9.1,9,71,3,10,18,3,0.84,10,9,1,0.11,0.73,11.4,8.9,2.5,0.27,0.68
ESP-La Liga,2324,Mallorca,Alex Quevedo,ESP,GK,19-278,2004,0,,,,,0,,0,0,,1,,,,,,,,,,,
ESP-La Liga,2324,Mallorca,Amath,SEN,"FW,MF",27-199,1996,15,394,26,19.9,4.4,3,63,0,12,17,7,0.87,3,4,-1,-0.23,0.11,7.1,6.2,0.9,0.21,0.42
ESP-La Liga,2324,Mallorca,Antonio Raillo,ESP,DF,32-115,1991,12,981,82,49.5,10.9,11,85,9,1,45,2,1.0,8,9,-1,-0.09,0.45,10.8,10.5,0.3,0.03,0.32
ESP-La Liga,2324,Mallorca,Antonio Sánchez,ESP,"MF,FW",27-030,1997,16,872,55,44.0,9.7,13,65,0,3,8,6,1.06,11,9,2,0.21,0.94,9.8,11.0,-1.1,-0.12,0.02
ESP-La Liga,2324,Mallorca,Copete,ESP,DF,24-113,1999,9,636,71,32.1,7.1,8,78,4,1,12,12,0.78,6,12,-6,-0.85,-0.78,9.0,10.1,-1.1,-0.16,-0.04
ESP-La Liga,2324,Mallorca,Cyle Larin,CAN,FW,28-289,1995,21,1082,52,54.6,12.0,11,72,2,10,29,1,0.9,11,11,0,0.0,0.7,14.1,13.6,0.5,0.04,0.38
ESP-La Liga,2324,Mallorca,Dani Rodríguez,ESP,"MF,FW",35-239,1988,21,1637,78,82.7,18.2,19,83,7,2,32,0,0.9,18,22,-4,-0.22,0.57,18.5,22.2,-3.7,-0.2,-0.43
ESP-La Liga,2324,Mallorca,Daniel Luna,COL,MF,20-269,2003,0,,,,,0,,0,0,,13,,,,,,,,,,,
ESP-La Liga,2324,Mallorca,David López,ESP,DF,20-362,2003,0,,,,,0,,0,0,,12,,,,,,,,,,,
ESP-La Liga,2324,Mallorca,Dominik Greif,SVK,GK,26-300,1997,0,,,,,0,,0,0,,22,,,,,,,,,,,
ESP-La Liga,2324,Mallorca,Giovanni González,URU,DF,29-133,1994,20,1379,69,69.6,15.3,15,81,10,5,32,1,0.95,10,17,-7,-0.46,-0.46,18.3,17.8,0.5,0.03,0.53
ESP-La Liga,2324,Mallorca,Iván Cuéllar,ESP,GK,39-249,1984,0,,,,,0,,0,0,,17,,,,,,,,,,,
ESP-La Liga,2324,Mallorca,Jaume Costa,ESP,DF,35-319,1988,19,978,51,49.4,10.9,11,73,4,8,22,1,1.0,11,14,-3,-0.28,0.08,13.2,12.8,0.5,0.04,0.34
ESP-La Liga,2324,Mallorca,Javier Llabrés,ESP,"MF,FW",21-142,2002,12,151,13,7.6,1.7,0,,0,12,13,10,0.75,2,1,1,0.6,0.99,3.9,2.2,1.7,1.0,1.22
ESP-La Liga,2324,Mallorca,Manu Morlanes,ESP,MF,25-019,1999,19,811,43,41.0,9.0,9,72,1,10,16,2,1.0,7,11,-4,-0.44,-0.21,9.2,12.2,-2.9,-0.32,-0.33
ESP-La Liga,2324,Mallorca,Marcos Fernández Cózar,,DF,20-198,2003,0,,,,,0,,0,0,,4,,,,,,,,,,,
ESP-La Liga,2324,Mallorca,Martin Valjent,SVK,DF,28-051,1995,18,1520,84,76.8,16.9,18,84,15,0,,0,0.83,15,21,-6,-0.36,-0.16,17.5,21.6,-4.1,-0.24,-0.49
ESP-La Liga,2324,Mallorca,Matija Nastasić,SRB,DF,30-309,1993,16,1358,85,68.6,15.1,15,90,15,1,8,2,1.0,14,19,-5,-0.33,-0.04,15.9,21.2,-5.3,-0.35,-0.71
ESP-La Liga,2324,Mallorca,Miguelito,ESP,DF,23-019,2001,0,,,,,0,,0,0,,2,,,,,,,,,,,
ESP-La Liga,2324,Mallorca,Nacho Vidal,ESP,DF,29-007,1995,0,,,,,0,,0,0,,1,,,,,,,,,,,
ESP-La Liga,2324,Mallorca,Omar Mascarell,ESP,MF,30-363,1993,15,723,48,36.5,8.0,8,68,2,7,25,4,0.73,3,10,-7,-0.87,-0.87,8.9,8.3,0.6,0.08,0.33
ESP-La Liga,2324,Mallorca,Pablo Maffeo,ESP,DF,26-203,1997,17,1122,66,56.7,12.5,13,82,10,4,14,0,1.0,14,16,-2,-0.16,0.36,14.9,15.6,-0.7,-0.05,0.19
ESP-La Liga,2324,Mallorca,Pau Mascaró,ESP,FW,19-103,2004,0,,,,,0,,0,0,,1,,,,,,,,,,,
ESP-La Liga,2324,Mallorca,Pere Joan,ESP,GK,21-315,2002,0,,,,,0,,0,0,,3,,,,,,,,,,,
ESP-La Liga,2324,Mallorca,Predrag Rajković,SRB,GK,28-092,1995,22,1980,90,100.0,22.0,22,90,22,0,,0,0.91,19,26,-7,-0.32,,24.5,27.3,-2.8,-0.13,
ESP-La Liga,2324,Mallorca,Rubén Quintanilla,ESP,MF,21-303,2002,0,,,,,0,,0,0,,8,,,,,,,,,,,
ESP-La Liga,2324,Mallorca,Samu Costa,POR,MF,23-065,2000,22,1674,76,84.5,18.6,19,82,13,3,37,0,0.91,15,22,-7,-0.38,-0.38,18.9,24.1,-5.2,-0.28,-0.97
ESP-La Liga,2324,Mallorca,Sergi Darder,ESP,"MF,FW",30-040,1993,20,1340,67,67.7,14.9,13,86,7,7,33,0,0.95,12,19,-7,-0.47,-0.47,16.3,18.6,-2.4,-0.16,-0.09
ESP-La Liga,2324,Mallorca,Siebe Van Der Heyden,BEL,DF,25-246,1998,6,286,48,14.4,3.2,4,67,1,2,9,16,1.0,2,4,-2,-0.63,-0.36,2.5,4.9,-2.3,-0.74,-0.71
ESP-La Liga,2324,Mallorca,Toni Lato,ESP,DF,26-071,1997,16,891,56,45.0,9.9,9,75,0,7,31,3,0.88,7,11,-4,-0.4,-0.16,9.9,12.5,-2.6,-0.26,-0.24
ESP-La Liga,2324,Mallorca,Vedat Muriqi,KVX,FW,29-282,1994,14,1101,79,55.6,12.2,12,88,9,2,22,0,0.71,11,18,-7,-0.57,-0.57,13.9,17.3,-3.3,-0.27,-0.32
ESP-La Liga,2324,Mallorca,Yuzún Ley,ESP,DF,20-030,2004,0,,,,,0,,0,0,,3,,,,,,,,,,,
ESP-La Liga,2324,Osasuna,Aimar Oroz,ESP,MF,22-065,2001,21,1556,74,82.3,17.3,18,82,5,3,28,0,1.24,19,25,-6,-0.35,-0.35,18.1,20.9,-2.8,-0.16,-0.01
ESP-La Liga,2324,Osasuna,Aitor Fernández,ESP,GK,32-273,1991,4,281,70,14.9,3.1,3,90,3,1,11,16,0.6,4,10,-6,-1.92,-1.92,3.9,5.1,-1.2,-0.38,-0.25
ESP-La Liga,2324,Osasuna,Ante Budimir,CRO,FW,32-193,1991,21,1562,74,82.6,17.4,18,83,7,3,23,0,1.24,23,27,-4,-0.23,0.32,20.3,20.4,-0.1,-0.01,0.9
ESP-La Liga,2324,Osasuna,Catena,ESP,DF,29-095,1994,17,1523,90,80.6,16.9,17,90,16,0,,2,1.29,20,24,-4,-0.24,0.25,18.5,23.5,-5.1,-0.3,-0.71
ESP-La Liga,2324,Osasuna,Darko Brašanac,SRB,MF,31-353,1992,1,25,25,1.3,0.3,0,,0,1,25,10,3.0,1,1,0,0.0,0.29,0.4,0.7,-0.2,-0.87,-0.72
ESP-La Liga,2324,Osasuna,David García,ESP,DF,29-351,1994,20,1800,90,95.2,20.0,20,90,20,0,,1,1.3,25,30,-5,-0.25,0.75,23.3,25.5,-2.2,-0.11,1.1
ESP-La Liga,2324,Osasuna,Dimitrios Stamatakis,GRE,GK,20-283,2003,0,,,,,0,,0,0,,2,,,,,,,,,,,
ESP-La Liga,2324,Osasuna,Ezequiel Ávila,ARG,"FW,MF",29-359,1994,17,864,51,45.7,9.6,10,71,1,7,22,0,0.94,11,12,-1,-0.1,0.33,11.2,10.8,0.4,0.04,0.37
ESP-La Liga,2324,Osasuna,Iker Muñoz,ESP,MF,21-087,2002,14,884,63,46.8,9.8,9,84,6,5,26,7,1.5,15,13,2,0.2,0.92,11.9,11.7,0.1,0.01,0.33
ESP-La Liga,2324,Osasuna,Javi Martínez,ESP,MF,24-040,1999,0,,,,,0,,0,0,,2,,,,,,,,,,,
ESP-La Liga,2324,Osasuna,Jesús Areso,ESP,DF,24-213,1999,20,1307,65,69.2,14.5,14,87,10,6,15,1,1.3,17,22,-5,-0.34,-0.19,16.2,19.0,-2.7,-0.19,-0.09
ESP-La Liga,2324,Osasuna,Johan Mojica,COL,"DF,FW",31-163,1992,13,902,69,47.7,10.0,10,83,7,3,25,3,1.23,13,17,-4,-0.4,-0.22,11.1,12.1,-1.1,-0.11,0.11
ESP-La Liga,2324,Osasuna,Jon Moncayola,ESP,MF,25-263,1998,18,837,47,44.3,9.3,9,75,2,9,18,1,1.22,12,16,-4,-0.43,-0.26,10.3,14.7,-4.4,-0.48,-0.56
ESP-La Liga,2324,Osasuna,Jorge Herrando,ESP,DF,22-337,2001,3,216,72,11.4,2.4,2,90,2,1,36,18,0.33,3,5,-2,-0.83,-0.62,2.2,3.5,-1.3,-0.53,-0.42
ESP-La Liga,2324,Osasuna,José Arnaiz,ESP,"FW,MF",28-291,1995,15,480,32,25.4,5.3,4,64,0,11,21,5,1.4,7,6,1,0.19,0.63,6.7,7.3,-0.6,-0.12,0.05
ESP-La Liga,2324,Osasuna,Juan Cruz Armada,ESP,DF,31-187,1992,15,1186,79,62.8,13.2,13,89,12,2,16,4,1.47,16,20,-4,-0.3,-0.05,15.3,17.6,-2.3,-0.18,-0.04
ESP-La Liga,2324,Osasuna,Kike Barja,ESP,"FW,MF",26-305,1997,11,251,23,13.3,2.8,2,56,0,9,15,4,0.73,7,7,0,0.0,0.33,5.0,5.0,0.0,0.0,0.18
ESP-La Liga,2324,Osasuna,Lucas Torró,ESP,MF,29-196,1994,15,1027,68,54.3,11.4,13,76,5,2,17,6,1.07,10,17,-7,-0.61,-0.72,12.6,15.6,-3.0,-0.27,-0.23
ESP-La Liga,2324,Osasuna,Moi Gómez,ESP,"MF,FW",29-222,1994,16,1215,76,64.3,13.5,15,79,7,1,23,2,1.25,17,17,0,0.0,0.8,14.5,14.8,-0.3,-0.02,0.38
ESP-La Liga,2324,Osasuna,Nacho Vidal,ESP,"DF,FW",29-007,1995,7,96,14,5.1,1.1,0,,0,7,14,13,2.0,2,2,0,0.0,0.3,2.3,2.3,0.1,0.06,0.23
ESP-La Liga,2324,Osasuna,Pablo Ibáñez,ESP,MF,25-133,1998,17,554,33,29.3,6.2,6,72,1,11,11,4,1.24,8,12,-4,-0.65,-0.52,8.6,7.9,0.6,0.1,0.37
ESP-La Liga,2324,Osasuna,Pablo Valencia,ESP,GK,23-030,2001,0,,,,,0,,0,0,,10,,,,,,,,,,,
ESP-La Liga,2324,Osasuna,Raúl,ESP,FW,23-089,2000,19,573,30,30.3,6.4,5,71,0,14,16,1,1.16,9,10,-1,-0.16,0.18,8.8,10.2,-1.5,-0.23,-0.1
ESP-La Liga,2324,Osasuna,Rubén García,ESP,"FW,MF",30-201,1993,14,639,46,33.8,7.1,8,71,1,6,12,6,0.86,7,14,-7,-0.99,-1.06,6.9,11.2,-4.4,-0.62,-0.68
ESP-La Liga,2324,Osasuna,Rubén Peña,ESP,"DF,FW",32-197,1991,17,1299,76,68.7,14.4,16,80,4,1,14,2,1.41,17,21,-4,-0.28,0.03,15.0,17.6,-2.6,-0.18,-0.05
ESP-La Liga,2324,Osasuna,Sergio Herrera,ESP,GK,30-240,1993,18,1609,89,85.1,17.9,18,89,17,0,,3,1.44,24,26,-2,-0.11,1.17,20.2,22.4,-2.2,-0.12,0.25
ESP-La Liga,2324,Osasuna,Unai García,ESP,DF,31-362,1992,1,90,90,4.8,1.0,1,90,1,0,,14,1.0,1,1,0,0.0,0.3,1.6,0.9,0.8,0.77,0.98
ESP-La Liga,2324,Rayo Vallecano,Abdul Mumin,GHA,DF,25-239,1998,10,794,79,42.0,8.8,9,88,7,1,3,9,0.8,4,10,-6,-0.68,-0.52,7.4,13.3,-5.9,-0.67,-0.92
ESP-La Liga,2324,Rayo Vallecano,Alfonso Espino,URU,DF,32-026,1992,19,1612,85,85.3,17.9,19,85,13,0,,1,1.21,15,22,-7,-0.39,-0.07,20.2,26.1,-5.9,-0.33,-1.36
ESP-La Liga,2324,Rayo Vallecano,Andrei Ratiu,ROU,DF,25-225,1998,4,259,65,13.7,2.9,3,82,1,1,13,13,0.5,1,4,-3,-1.04,-0.77,1.8,6.3,-4.4,-1.53,-1.63
ESP-La Liga,2324,Rayo Vallecano,Aridane Hernández,ESP,DF,34-314,1989,12,1060,88,56.1,11.8,12,88,11,0,,7,1.58,13,15,-2,-0.17,0.48,17.2,14.4,2.8,0.24,0.84
ESP-La Liga,2324,Rayo Vallecano,Bebé,CPV,"MF,FW",33-203,1990,14,140,10,7.4,1.6,0,,0,14,10,5,1.29,2,2,0,0.0,0.41,3.6,3.2,0.3,0.21,0.37
ESP-La Liga,2324,Rayo Vallecano,Cárdenas,ESP,GK,26-309,1997,0,,,,,0,,0,0,,20,,,,,,,,,,,
ESP-La Liga,2324,Rayo Vallecano,Diego Méndez,ESP,MF,20-155,2003,1,5,5,0.3,0.1,0,,0,1,5,13,3.0,0,0,0,0.0,0.38,0.0,0.0,0.0,-0.82,-0.69
ESP-La Liga,2324,Rayo Vallecano,Florian Lejeune,FRA,DF,32-256,1991,21,1887,90,99.8,21.0,21,90,20,0,,0,1.14,18,26,-8,-0.38,-0.38,24.0,27.3,-3.3,-0.16,-18.16
ESP-La Liga,2324,Rayo Vallecano,Isaac Palazón Camacho,ESP,"MF,FW",29-035,1994,21,1602,76,84.8,17.8,20,79,7,1,25,0,1.14,16,17,-1,-0.06,2.13,20.7,22.5,-1.8,-0.1,0.18
ESP-La Liga,2324,Rayo Vallecano,Iván Balliu,ALB,DF,32-030,1992,18,1602,89,84.8,17.8,18,89,16,0,,2,1.28,17,22,-5,-0.28,0.66,22.8,20.3,2.5,0.14,1.77
ESP-La Liga,2324,Rayo Vallecano,Jorge Moreno,ESP,DF,22-283,2001,0,,,,,0,,0,0,,1,,,,,,,,,,,
ESP-La Liga,2324,Rayo Vallecano,Jorge de Frutos,ESP,"MF,FW",26-345,1997,20,637,32,33.7,7.1,4,71,0,16,22,0,1.05,9,10,-1,-0.14,0.36,11.0,7.6,3.4,0.47,0.91
ESP-La Liga,2324,Rayo Vallecano,José Pozo,ESP,"MF,FW",27-322,1996,1,9,9,0.5,0.1,0,,0,1,9,17,1.0,0,0,0,0.0,0.38,0.0,0.0,0.0,0.0,0.13
ESP-La Liga,2324,Rayo Vallecano,Kike Pérez,ESP,"MF,FW",26-351,1997,16,569,36,30.1,6.3,6,57,0,10,23,3,1.06,5,7,-2,-0.32,0.09,8.6,7.5,1.1,0.18,0.44
ESP-La Liga,2324,Rayo Vallecano,Martín Pascual,ESP,DF,24-180,1999,0,,,,,0,,0,0,,16,,,,,,,,,,,
ESP-La Liga,2324,Rayo Vallecano,Morro,ESP,GK,23-142,2000,0,,,,,0,,0,0,,1,,,,,,,,,,,
ESP-La Liga,2324,Rayo Vallecano,Pablo Muñoz,ESP,MF,20-149,2003,0,,,,,0,,0,0,,1,,,,,,,,,,,
ESP-La Liga,2324,Rayo Vallecano,Pathé Ciss,SEN,MF,29-321,1994,18,1011,56,53.5,11.2,10,79,5,8,28,1,1.28,7,17,-10,-0.89,-1.09,9.4,13.4,-4.0,-0.36,-0.49
ESP-La Liga,2324,Rayo Vallecano,Pep Chavarría,ESP,"DF,MF",25-296,1998,8,346,43,18.3,3.8,3,90,3,5,15,12,1.11,1,5,-4,-1.04,-0.81,2.5,1.7,0.8,0.21,0.41
ESP-La Liga,2324,Rayo Vallecano,Radamel Falcao,COL,"FW,DF",37-355,1986,12,185,15,9.8,2.1,0,,0,12,15,7,0.92,2,2,0,0.0,0.42,3.5,2.5,1.0,0.48,0.68
ESP-La Liga,2324,Rayo Vallecano,Randy Ntekja,FRA,"FW,MF",26-056,1997,10,463,46,24.5,5.1,3,74,0,7,34,5,1.0,3,8,-5,-0.97,-0.78,5.9,7.8,-1.9,-0.37,-0.32
ESP-La Liga,2324,Rayo Vallecano,Raúl de Tomás,ESP,FW,29-106,1994,15,808,54,42.8,9.0,10,71,1,5,19,5,1.07,8,10,-2,-0.22,0.28,9.2,10.8,-1.6,-0.18,-0.09
ESP-La Liga,2324,Rayo Vallecano,Salvi,ESP,MF,32-307,1991,1,28,28,1.5,0.3,0,,0,1,28,0,3.0,0,0,0,0.0,0.39,0.1,0.2,-0.1,-0.3,-0.17
ESP-La Liga,2324,Rayo Vallecano,Sergio Camello,ESP,FW,22-355,2001,17,854,50,45.2,9.5,10,69,0,7,24,3,0.94,8,16,-8,-0.84,-0.84,11.6,13.1,-1.5,-0.15,-0.04
ESP-La Liga,2324,Rayo Vallecano,Stole Dimitrievski,MKD,GK,30-037,1993,21,1890,90,100.0,21.0,21,90,21,0,,0,1.14,18,26,-8,-0.38,,24.9,27.6,-2.7,-0.13,
ESP-La Liga,2324,Rayo Vallecano,Unai López,ESP,MF,28-093,1995,19,1177,62,62.3,13.1,16,69,3,3,26,2,1.21,13,17,-4,-0.31,0.2,16.3,19.1,-2.7,-0.21,-0.21
ESP-La Liga,2324,Rayo Vallecano,Álvaro García,ESP,"MF,FW",31-096,1992,18,1452,81,76.8,16.1,17,85,6,1,10,0,1.06,14,21,-7,-0.43,-0.23,19.8,22.5,-2.7,-0.17,-0.16
ESP-La Liga,2324,Rayo Vallecano,Óscar Trejo,ARG,"FW,MF",35-280,1988,17,805,47,42.6,8.9,11,61,0,6,23,0,1.24,9,10,-1,-0.11,0.47,11.3,13.1,-1.8,-0.2,-0.13
ESP-La Liga,2324,Rayo Vallecano,Óscar Valentín,ESP,MF,29-164,1994,19,1581,83,83.7,17.6,18,86,13,1,31,1,1.21,15,18,-3,-0.17,1.29,22.2,23.2,-1.0,-0.06,0.46
ESP-La Liga,2324,Real Madrid,Andriy Lunin,UKR,GK,24-354,1999,9,810,90,42.9,9.0,9,90,9,0,,12,2.78,23,5,18,2.0,0.92,15.4,8.1,7.3,0.81,-0.03
ESP-La Liga,2324,Real Madrid,Antonio Rüdiger,GER,DF,30-334,1993,20,1751,88,92.6,19.5,19,90,19,1,41,0,2.55,38,13,25,1.28,-2.6,34.9,18.4,16.6,0.85,0.4
ESP-La Liga,2324,Real Madrid,Arda Güler,TUR,FW,18-340,2005,1,10,10,0.5,0.1,0,,0,1,10,3,3.0,1,0,1,9.0,7.56,0.2,0.0,0.2,1.66,0.84
ESP-La Liga,2324,Real Madrid,Aurélien Tchouaméni,FRA,"MF,DF",24-004,2000,16,1079,67,57.1,12.0,12,82,8,4,23,0,2.69,25,6,19,1.58,0.25,21.4,11.0,10.4,0.86,0.1
ESP-La Liga,2324,Real Madrid,Álvaro Carrillo,ESP,DF,21-300,2002,0,,,,,0,,0,0,,3,,,,,,,,,,,
ESP-La Liga,2324,Real Madrid,Brahim Díaz,ESP,"MF,FW",24-181,1999,16,642,40,34.0,7.1,7,72,0,9,15,5,2.56,18,3,15,2.1,0.95,16.0,5.6,10.4,1.46,0.97
ESP-La Liga,2324,Real Madrid,Dani Carvajal,ESP,DF,32-020,1992,16,1356,85,71.7,15.1,16,85,11,0,,1,2.75,33,8,25,1.66,0.65,27.1,14.6,12.5,0.83,0.03
ESP-La Liga,2324,Real Madrid,Dani Ceballos,ESP,MF,27-177,1996,11,231,21,12.2,2.6,1,58,0,10,17,2,2.82,2,1,1,0.39,-1.24,5.1,2.0,3.1,1.21,0.44
ESP-La Liga,2324,Real Madrid,David Alaba,AUT,DF,31-221,1992,14,1154,82,61.1,12.8,14,82,12,0,,1,2.36,23,10,13,1.01,-1.19,21.0,12.9,8.1,0.63,-0.5
ESP-La Liga,2324,Real Madrid,Diego Piñeiro,ESP,GK,19-352,2004,0,,,,,0,,0,0,,9,,,,,,,,,,,
ESP-La Liga,2324,Real Madrid,Edgar Pujol,ESP,DF,19-177,2004,0,,,,,0,,0,0,,1,,,,,,,,,,,
ESP-La Liga,2324,Real Madrid,Eduardo Camavinga,FRA,"MF,DF",21-082,2002,15,838,56,44.3,9.3,10,72,2,5,24,0,2.53,22,7,15,1.61,0.24,16.9,9.0,7.9,0.85,0.04
ESP-La Liga,2324,Real Madrid,Federico Valverde,URU,MF,25-193,1998,21,1665,79,88.1,18.5,19,85,12,2,22,0,2.57,41,10,31,1.68,1.68,31.6,17.9,13.8,0.74,-0.65
ESP-La Liga,2324,Real Madrid,Ferland Mendy,FRA,DF,28-237,1995,12,769,64,40.7,8.5,10,73,4,2,18,1,2.42,19,5,14,1.64,0.27,14.3,7.9,6.3,0.74,-0.13
ESP-La Liga,2324,Real Madrid,Fran Garcia,ESP,DF,24-170,1999,16,904,57,47.8,10.0,10,77,5,6,22,5,2.56,18,9,9,0.9,-1.11,16.9,9.7,7.3,0.72,-0.19
ESP-La Liga,2324,Real Madrid,Fran González,ESP,DF,25-171,1998,0,,,,,0,,0,0,,5,,,,,,,,,,,
ESP-La Liga,2324,Real Madrid,Fran González,ESP,GK,18-221,2005,0,,,,,0,,0,0,,5,,,,,,,,,,,
ESP-La Liga,2324,Real Madrid,Gonzalo García,ESP,"FW,MF",19-313,2004,2,19,10,1.0,0.2,0,,0,2,10,4,3.0,0,0,0,0.0,-1.49,0.3,0.3,0.0,-0.13,-0.96
ESP-La Liga,2324,Real Madrid,Joselu,ESP,FW,33-310,1990,21,955,45,50.5,10.6,8,79,4,13,25,0,2.57,29,4,25,2.36,1.78,24.4,9.6,14.8,1.39,1.15
ESP-La Liga,2324,Real Madrid,Jude Bellingham,ENG,"MF,FW",20-216,2003,18,1548,86,81.9,17.2,18,86,13,0,,1,2.5,36,12,24,1.4,-0.45,29.4,16.5,12.9,0.75,-0.41
ESP-La Liga,2324,Real Madrid,Kepa Arrizabalaga,ESP,GK,29-120,1994,12,1080,90,57.1,12.0,12,90,12,0,,6,2.42,22,9,13,1.08,-0.92,22.0,12.0,10.0,0.83,0.03
ESP-La Liga,2324,Real Madrid,Lucas Cañizares,ESP,GK,21-266,2002,0,,,,,0,,0,0,,4,,,,,,,,,,,
ESP-La Liga,2324,Real Madrid,Lucas Vázquez,ESP,DF,32-214,1991,15,488,33,25.8,5.4,4,80,2,11,15,6,2.67,12,6,6,1.11,-0.5,9.8,5.4,4.5,0.82,0.0
ESP-La Liga,2324,Real Madrid,Luka Modrić,CRO,MF,38-144,1985,16,806,50,42.6,9.0,9,71,1,7,24,4,2.44,20,7,13,1.45,-0.04,15.8,7.8,8.0,0.9,0.14
ESP-La Liga,2324,Real Madrid,Mario Martín,ESP,MF,19-332,2004,0,,,,,0,,0,0,,2,,,,,,,,,,,
ESP-La Liga,2324,Real Madrid,Mario de Luis,ESP,GK,21-240,2002,0,,,,,0,,0,0,,1,,,,,,,,,,,
ESP-La Liga,2324,Real Madrid,Nacho,ESP,DF,34-013,1990,14,724,52,38.3,8.0,7,78,4,7,25,4,2.5,21,5,16,1.99,0.83,15.4,8.8,6.6,0.82,-0.01
ESP-La Liga,2324,Real Madrid,Nicolás Paz,ARG,"MF,FW",19-145,2004,4,23,6,1.2,0.3,0,,0,4,6,8,2.5,1,1,0,0.0,-1.49,0.4,0.8,-0.4,-1.44,-2.29
ESP-La Liga,2324,Real Madrid,Rodrygo,BRA,FW,23-022,2001,21,1529,73,80.9,17.0,18,81,7,3,21,0,2.57,32,14,18,1.06,-2.18,27.7,16.2,11.5,0.68,-0.75
ESP-La Liga,2324,Real Madrid,Theo Zidane,FRA,MF,21-258,2002,0,,,,,0,,0,0,,1,,,,,,,,,,,
ESP-La Liga,2324,Real Madrid,Toni Kroos,GER,MF,34-027,1990,21,1380,66,73.0,15.3,15,82,8,6,25,0,2.57,33,13,20,1.3,-0.64,26.6,16.8,9.8,0.64,-0.68
ESP-La Liga,2324,Real Madrid,Vinicius Júnior,BRA,FW,23-203,2000,13,942,72,49.8,10.5,12,76,2,1,34,0,2.69,23,6,17,1.62,0.3,17.6,9.9,7.6,0.73,-0.18
ESP-La Liga,2324,Real Madrid,Vinicius Tobias,BRA,DF,19-342,2004,0,,,,,0,,0,0,,2,,,,,,,,,,,
ESP-La Liga,2324,Real Madrid,Álvaro Odriozola,ESP,DF,28-048,1995,0,,,,,0,,0,0,,2,,,,,,,,,,,
ESP-La Liga,2324,Real Madrid,Éder Militão,BRA,DF,26-013,1998,1,49,49,2.6,0.5,1,49,0,0,,0,3.0,2,0,2,3.67,2.26,0.7,0.1,0.7,1.22,0.41
ESP-La Liga,2324,Real Sociedad,Aihen Muñoz,ESP,DF,26-168,1997,21,1127,54,56.9,12.5,11,85,10,10,19,0,1.67,22,14,8,0.64,0.32,18.9,15.5,3.4,0.27,0.35
ESP-La Liga,2324,Real Sociedad,Aitor Fraga,ESP,GK,20-328,2003,0,,,,,0,,0,0,,8,,,,,,,,,,,
ESP-La Liga,2324,Real Sociedad,Alberto Dadie,ESP,MF,21-195,2002,1,28,28,1.4,0.3,0,,0,1,28,0,0.0,1,0,1,3.21,2.75,0.9,0.1,0.8,2.73,2.64
ESP-La Liga,2324,Real Sociedad,Alex Sola,ESP,"DF,MF",24-236,1999,2,30,15,1.5,0.3,0,,0,2,15,1,1.0,0,1,-1,-3.0,-3.55,0.7,0.6,0.1,0.2,0.08
ESP-La Liga,2324,Real Sociedad,Ander Barrenetxea,ESP,"FW,MF",22-035,2001,16,888,56,44.8,9.9,13,62,0,3,27,1,1.5,18,13,5,0.51,0.01,11.8,12.3,-0.5,-0.05,-0.3
ESP-La Liga,2324,Real Sociedad,André Silva,POR,FW,28-086,1995,6,190,32,9.6,2.1,3,52,0,3,11,6,1.17,1,0,1,0.47,-0.03,2.1,1.5,0.5,0.25,0.15
ESP-La Liga,2324,Real Sociedad,Aritz Elustondo,ESP,DF,29-309,1994,9,492,55,24.8,5.5,4,82,3,5,33,6,2.11,8,4,4,0.73,0.31,6.2,6.7,-0.6,-0.1,-0.3
ESP-La Liga,2324,Real Sociedad,Arsen Zakharyan,RUS,"MF,FW",20-250,2003,15,518,35,26.2,5.8,6,57,0,9,19,1,1.6,7,6,1,0.17,-0.44,8.1,7.4,0.7,0.12,0.0
ESP-La Liga,2324,Real Sociedad,Beñat Turrientes,ESP,MF,22-000,2002,14,748,53,37.8,8.3,8,75,1,6,25,8,2.14,11,7,4,0.48,-0.03,9.4,7.2,2.2,0.26,0.23
ESP-La Liga,2324,Real Sociedad,Brais Méndez,ESP,"MF,FW",27-024,1997,20,1609,80,81.3,17.9,18,84,13,2,46,0,1.6,23,20,3,0.17,-1.77,20.2,20.2,0.0,0.0,-0.63
ESP-La Liga,2324,Real Sociedad,Bryan Fiabema,NOR,FW,20-349,2003,0,,,,,0,,0,0,,2,,,,,,,,,,,
ESP-La Liga,2324,Real Sociedad,Carlos Fernández,ESP,FW,27-254,1996,10,408,41,20.6,4.5,5,63,1,5,19,6,1.55,7,4,3,0.66,0.2,3.4,5.9,-2.5,-0.55,-0.84
ESP-La Liga,2324,Real Sociedad,Diego Rico,ESP,DF,30-342,1993,0,,,,,0,,0,0,,3,,,,,,,,,,,
ESP-La Liga,2324,Real Sociedad,Gaizka Ayesa,ESP,GK,22-304,2001,0,,,,,0,,0,0,,2,,,,,,,,,,,
ESP-La Liga,2324,Real Sociedad,Hamari Traoré,MLI,DF,32-004,1992,19,1474,78,74.4,16.4,17,84,12,2,27,0,1.68,30,17,13,0.79,1.15,23.2,18.5,4.7,0.29,0.65
ESP-La Liga,2324,Real Sociedad,Igor Zubeldia,ESP,DF,26-307,1997,21,1740,83,87.9,19.3,20,86,16,1,30,0,1.57,27,19,8,0.41,-0.71,23.5,21.0,2.5,0.13,0.09
ESP-La Liga,2324,Real Sociedad,Iñaki Rupérez,ESP,DF,21-024,2003,0,,,,,0,,0,0,,2,,,,,,,,,,,
ESP-La Liga,2324,Real Sociedad,Javi Galán,ESP,DF,29-073,1994,1,90,90,4.5,1.0,1,90,1,0,,0,1.0,0,0,0,0.0,-0.52,0.2,0.1,0.1,0.08,-0.05
ESP-La Liga,2324,Real Sociedad,Jon Aramburu,VEN,DF,21-192,2002,2,135,68,6.8,1.5,2,68,1,0,,2,2.0,1,0,1,0.67,0.18,0.7,0.2,0.5,0.33,0.22
ESP-La Liga,2324,Real Sociedad,Jon Karrikaburu,ESP,FW,21-134,2002,0,,,,,0,,0,0,,2,,,,,,,,,,,
ESP-La Liga,2324,Real Sociedad,Jon Magunacelaya,ESP,"FW,MF",23-202,2000,3,107,36,5.4,1.2,1,63,0,2,22,8,1.33,2,0,2,1.68,1.25,2.4,0.3,2.1,1.76,1.74
ESP-La Liga,2324,Real Sociedad,Jon Martin,ESP,DF,18-030,2006,0,,,,,0,,0,0,,2,,,,,,,,,,,
ESP-La Liga,2324,Real Sociedad,Jon Pacheco,ESP,DF,23-023,2001,10,528,53,26.7,5.9,5,84,4,5,22,11,2.1,8,5,3,0.51,0.02,6.7,7.5,-0.8,-0.14,-0.35
ESP-La Liga,2324,Real Sociedad,Kieran Tierney,SCO,DF,26-240,1997,11,787,72,39.7,8.7,10,74,2,1,52,2,1.73,10,7,3,0.34,-0.26,7.9,9.4,-1.4,-0.16,-0.47
ESP-La Liga,2324,Real Sociedad,Martín Zubimendi,ESP,MF,24-363,1999,21,1788,85,90.3,19.9,19,90,19,2,39,0,1.57,29,19,10,0.5,0.03,25.3,22.8,2.5,0.13,0.09
ESP-La Liga,2324,Real Sociedad,Mikel Merino,ESP,MF,27-223,1996,18,1365,76,68.9,15.2,15,84,9,3,35,1,1.78,25,12,13,0.86,1.15,18.3,18.0,0.3,0.02,-0.32
ESP-La Liga,2324,Real Sociedad,Mikel Oyarzabal,ESP,FW,26-285,1997,21,1292,62,65.3,14.4,13,82,3,8,28,0,1.57,18,12,6,0.42,-0.24,16.8,14.2,2.6,0.18,0.17
ESP-La Liga,2324,Real Sociedad,Mohamed Ali Cho,FRA,"FW,MF",20-012,2004,11,249,23,12.6,2.8,1,90,1,10,16,6,1.73,5,7,-2,-0.72,-1.4,5.2,4.0,1.2,0.43,0.36
ESP-La Liga,2324,Real Sociedad,Olasagasti,ESP,MF,23-168,2000,7,122,17,6.2,1.4,1,64,0,6,10,14,1.43,4,1,3,2.21,1.83,4.2,0.9,3.3,2.43,2.46
ESP-La Liga,2324,Real Sociedad,Pablo Marín,ESP,MF,20-212,2003,0,,,,,0,,0,0,,7,,,,,,,,,,,
ESP-La Liga,2324,Real Sociedad,Roberto Navarro,ESP,MF,21-294,2002,0,,,,,0,,0,0,,3,,,,,,,,,,,
ESP-La Liga,2324,Real Sociedad,Robin Le Normand,ESP,DF,27-081,1996,19,1578,83,79.7,17.5,18,87,15,1,21,2,1.53,23,18,5,0.29,-1.06,20.8,18.0,2.8,0.16,0.19
ESP-La Liga,2324,Real Sociedad,Sheraldo Becker,SUR,FW,28-356,1995,1,29,29,1.5,0.3,0,,0,1,29,1,1.0,0,0,0,0.0,-0.51,0.0,0.0,0.0,-0.02,-0.14
ESP-La Liga,2324,Real Sociedad,Takefusa Kubo,JPN,"FW,MF",22-241,2001,18,1413,79,71.4,15.7,16,84,8,2,38,1,1.61,27,14,13,0.83,1.15,20.3,18.0,2.3,0.15,0.09
ESP-La Liga,2324,Real Sociedad,Umar Sadiq,NGA,FW,26-363,1997,19,774,41,39.1,8.6,9,67,1,10,17,2,1.74,11,8,3,0.35,-0.25,10.6,9.7,1.0,0.12,-0.01
ESP-La Liga,2324,Real Sociedad,Unai Marrero,ESP,GK,22-114,2001,2,142,71,7.2,1.6,1,90,1,1,52,20,0.5,2,3,-1,-0.63,-1.22,2.0,2.5,-0.6,-0.35,-0.51
ESP-La Liga,2324,Real Sociedad,Urko González,ESP,"MF,DF",22-317,2001,3,131,44,6.6,1.5,2,51,0,1,29,18,2.33,2,2,0,0.0,-0.54,0.9,1.4,-0.4,-0.29,-0.44
ESP-La Liga,2324,Real Sociedad,Álex Remiro,ESP,GK,28-313,1995,21,1835,87,92.7,20.4,21,87,20,0,,0,1.71,30,18,12,0.59,1.21,25.0,21.8,3.2,0.16,0.5
ESP-La Liga,2324,Real Sociedad,Álvaro Odriozola,ESP,DF,28-048,1995,3,108,36,5.5,1.2,2,32,0,1,45,11,1.33,0,0,0,0.0,-0.53,0.3,1.2,-1.0,-0.8,-0.97
ESP-La Liga,2324,Sevilla,Adnan Januzaj,BEL,"FW,MF",28-360,1995,7,192,27,9.7,2.1,0,,0,7,27,8,0.86,1,3,-2,-0.94,-0.59,1.8,3.9,-2.1,-1.0,-0.65
ESP-La Liga,2324,Sevilla,Adrià Pedrosa,ESP,DF,25-263,1998,20,1325,66,66.9,14.7,12,87,6,8,36,2,0.8,19,23,-4,-0.27,0.42,15.8,21.9,-6.1,-0.41,0.0
ESP-La Liga,2324,Sevilla,Alberto López,ESP,GK,20-082,2003,0,,,,,0,,0,0,,11,,,,,,,,,,,
ESP-La Liga,2324,Sevilla,Boubakary Soumaré,FRA,MF,24-338,1999,13,937,72,47.3,10.4,11,82,8,2,16,3,1.08,10,16,-6,-0.58,-0.32,8.2,15.3,-7.1,-0.68,-0.51
ESP-La Liga,2324,Sevilla,Darío Fuentes,ESP,DF,21-019,2003,0,,,,,0,,0,0,,6,,,,,,,,,,,
ESP-La Liga,2324,Sevilla,Diego Iturralde,ESP,DF,20-290,2003,0,,,,,0,,0,0,,1,,,,,,,,,,,
ESP-La Liga,2324,Sevilla,Djibril Sow,SUI,MF,26-359,1997,18,1092,61,55.2,12.1,13,76,3,5,22,2,0.72,15,18,-3,-0.25,0.36,15.8,18.2,-2.3,-0.19,0.49
ESP-La Liga,2324,Sevilla,Dodi Lukebakio,BEL,FW,26-129,1997,12,739,62,37.3,8.2,9,71,3,3,35,1,1.08,12,9,3,0.37,1.24,11.0,11.1,-0.1,-0.01,0.63
ESP-La Liga,2324,Sevilla,Federico Gattoni,ARG,"DF,FW",24-349,1999,2,10,5,0.5,0.1,0,,0,2,5,15,0.0,0,1,-1,-9.0,-8.63,0.0,0.4,-0.4,-3.32,-2.92
ESP-La Liga,2324,Sevilla,Fernando,BRA,MF,36-190,1987,8,459,57,23.2,5.1,5,74,1,3,29,3,1.0,8,10,-2,-0.39,0.02,5.4,7.3,-1.9,-0.37,0.05
ESP-La Liga,2324,Sevilla,Gonzalo Montiel,ARG,DF,27-030,1997,0,,,,,0,,0,0,,1,,,,,,,,,,,
ESP-La Liga,2324,Sevilla,Hannibal Mejbri,TUN,MF,21-010,2003,1,29,29,1.5,0.3,0,,0,1,29,1,0.0,0,1,-1,-3.1,-2.73,0.2,0.6,-0.4,-1.39,-0.99
ESP-La Liga,2324,Sevilla,Ibrahima Sow,SEN,FW,17-005,2007,0,,,,,0,,0,0,,3,,,,,,,,,,,
ESP-La Liga,2324,Sevilla,Isaac Bernal,ESP,FW,23-258,2000,3,205,68,10.4,2.3,3,68,1,0,,0,0.33,2,7,-5,-2.2,-1.99,,,,,
ESP-La Liga,2324,Sevilla,Ivan Rakitić,CRO,MF,35-327,1988,18,1425,79,72.0,15.8,16,83,13,2,52,2,0.56,14,23,-9,-0.57,-0.57,16.7,22.3,-5.6,-0.35,0.21
ESP-La Liga,2324,Sevilla,Jesús Corona,MEX,"MF,DF",31-025,1993,2,17,9,0.9,0.2,0,,0,2,9,1,0.0,1,0,1,5.29,5.75,0.1,0.0,0.0,0.12,0.54
ESP-La Liga,2324,Sevilla,Jesús Navas,ESP,DF,38-071,1985,15,1034,69,52.2,11.5,12,83,6,3,13,1,0.8,16,21,-5,-0.44,-0.05,12.5,18.2,-5.8,-0.5,-0.19
ESP-La Liga,2324,Sevilla,Joan Jordán,ESP,MF,29-209,1994,4,344,86,17.4,3.8,4,86,3,0,,13,0.4,5,12,-7,-1.83,-1.72,3.1,7.9,-4.8,-1.25,-1.02
ESP-La Liga,2324,Sevilla,Juanlu Sánchez,ESP,DF,20-169,2003,15,917,61,46.3,10.2,10,83,6,5,17,7,0.8,11,14,-3,-0.29,0.21,10.6,13.6,-2.9,-0.29,0.23
ESP-La Liga,2324,Sevilla,Kike Salas,ESP,DF,21-283,2002,10,551,55,27.8,6.1,7,75,4,3,10,6,0.73,9,14,-5,-0.82,-0.56,3.4,8.7,-5.2,-0.86,-0.62
ESP-La Liga,2324,Sevilla,Loïc Bade,FRA,DF,23-295,2000,14,1085,78,54.8,12.1,13,82,9,1,14,2,0.86,15,17,-2,-0.17,0.54,13.4,18.1,-4.7,-0.39,0.05
ESP-La Liga,2324,Sevilla,Lucas Ocampos,ARG,FW,29-204,1994,21,1713,82,86.5,19.0,20,83,12,1,45,1,0.67,20,31,-11,-0.58,-1.25,19.4,26.4,-7.1,-0.37,0.31
ESP-La Liga,2324,Sevilla,Lucien Agoume,FRA,MF,21-356,2002,2,72,36,3.6,0.8,1,58,0,1,14,1,0.5,1,2,-1,-1.25,-0.87,0.8,1.4,-0.6,-0.78,-0.38
ESP-La Liga,2324,Sevilla,Lulo Dasilva,ESP,MF,21-119,2002,0,,,,,0,,0,0,,3,,,,,,,,,,,
ESP-La Liga,2324,Sevilla,Manuel Sebastián,ESP,MF,19-188,2004,1,20,20,1.0,0.2,0,,0,1,20,8,3.0,0,0,0,0.0,0.41,0.1,0.3,-0.2,-0.87,-0.47
ESP-La Liga,2324,Sevilla,Marcos Acuña,ARG,DF,32-095,1991,9,514,57,26.0,5.7,8,62,2,1,16,2,0.67,7,12,-5,-0.88,-0.63,6.2,8.0,-1.8,-0.32,0.13
ESP-La Liga,2324,Sevilla,Marcão,BRA,DF,27-240,1996,5,220,44,11.1,2.4,2,80,1,3,20,4,0.8,3,6,-3,-1.23,-0.92,3.5,4.1,-0.6,-0.23,0.2
ESP-La Liga,2324,Sevilla,Mariano,DOM,FW,30-183,1993,6,219,37,11.1,2.4,2,75,0,4,18,2,0.5,4,6,-2,-0.82,-0.46,3.4,4.0,-0.6,-0.26,0.17
ESP-La Liga,2324,Sevilla,Marko Dmitrović,SRB,GK,32-007,1992,13,1170,90,59.1,13.0,13,90,13,0,,8,0.62,14,25,-11,-0.85,-1.07,13.0,18.6,-5.6,-0.43,-0.04
ESP-La Liga,2324,Sevilla,Matías Árbol,ESP,GK,21-141,2002,0,,,,,0,,0,0,,9,,,,,,,,,,,
ESP-La Liga,2324,Sevilla,Miguel Capitas,ESP,MF,22-331,2001,0,,,,,0,,0,0,,1,,,,,,,,,,,
ESP-La Liga,2324,Sevilla,Nemanja Gudelj,SRB,DF,32-076,1991,16,1376,86,69.5,15.3,16,86,14,0,,2,0.81,21,22,-1,-0.07,1.13,15.0,21.8,-6.8,-0.44,-0.11
ESP-La Liga,2324,Sevilla,Papu Gómez,ARG,"FW,MF",35-350,1988,0,,,,,0,,0,0,,3,,,,,,,,,,,
ESP-La Liga,2324,Sevilla,Rafa,ESP,GK,20-177,2003,0,,,,,0,,0,0,,3,,,,,,,,,,,
ESP-La Liga,2324,Sevilla,Rafa Mir,ESP,"FW,MF",26-227,1997,15,391,26,19.7,4.3,3,73,1,12,14,7,0.93,5,4,1,0.23,0.8,6.0,6.7,-0.6,-0.14,0.33
ESP-La Liga,2324,Sevilla,Sergio Ramos,ESP,DF,37-307,1986,13,1167,90,58.9,13.0,13,90,12,0,,3,0.69,12,22,-10,-0.77,-0.88,12.9,18.2,-5.3,-0.41,0.01
ESP-La Liga,2324,Sevilla,Suso,ESP,"MF,FW",30-073,1993,18,1087,60,54.9,12.1,13,76,5,5,20,0,0.83,21,26,-5,-0.41,-0.01,14.5,18.4,-3.9,-0.32,0.2
ESP-La Liga,2324,Sevilla,Tanguy Nianzou,FRA,DF,21-238,2002,4,205,51,10.4,2.3,2,81,1,2,22,6,0.25,1,6,-5,-2.2,-1.99,2.5,3.8,-1.3,-0.58,-0.19
ESP-La Liga,2324,Sevilla,Yassine Bounou,MAR,GK,32-301,1991,1,90,90,4.5,1.0,1,90,1,0,,0,0.0,1,2,-1,-1.0,-0.62,0.7,1.1,-0.4,-0.4,0.01
ESP-La Liga,2324,Sevilla,Youssef En-Nesyri,MAR,FW,26-244,1997,17,1193,70,60.3,13.3,12,88,8,5,29,0,0.94,21,19,2,0.15,1.41,14.5,17.7,-3.2,-0.24,0.44
ESP-La Liga,2324,Sevilla,Érik Lamela,ARG,"FW,MF",31-333,1992,8,368,46,18.6,4.1,4,77,2,4,15,4,0.88,8,6,2,0.49,1.1,5.0,8.4,-3.4,-0.83,-0.51
ESP-La Liga,2324,Sevilla,Óliver Torres,ESP,MF,29-082,1994,17,873,51,44.1,9.7,9,74,2,8,25,3,0.76,11,12,-1,-0.1,0.55,9.3,12.1,-2.8,-0.29,0.22
ESP-La Liga,2324,Sevilla,Ørjan Nyland,NOR,GK,33-143,1990,8,720,90,36.4,8.0,8,90,8,0,,4,1.13,12,9,3,0.37,1.23,9.5,12.6,-3.1,-0.39,0.04
ESP-La Liga,2324,Valencia,Alberto Marí,ESP,FW,22-204,2001,4,27,7,1.4,0.3,0,,0,4,7,2,1.75,2,0,2,6.67,6.71,1.3,0.8,0.5,1.62,1.72
ESP-La Liga,2324,Valencia,Cenk Özkacar,TUR,DF,23-117,2000,9,599,67,30.3,6.7,7,81,5,2,17,11,1.11,5,9,-4,-0.6,-0.93,6.2,5.6,0.6,0.09,0.24
ESP-La Liga,2324,Valencia,Cristhian Mosquera,COL,DF,19-218,2004,20,1635,82,82.6,18.2,17,90,16,3,35,1,1.3,24,22,2,0.11,0.37,19.5,22.0,-2.4,-0.13,-0.31
ESP-La Liga,2324,Valencia,Cristian,ESP,GK,25-316,1998,0,,,,,0,,0,0,,22,,,,,,,,,,,
ESP-La Liga,2324,Valencia,César Tárrega,ESP,DF,21-339,2002,1,8,8,0.4,0.1,0,,0,1,8,10,3.0,0,0,0,0.0,-0.05,0.2,0.0,0.1,1.57,1.65
ESP-La Liga,2324,Valencia,David Otorbi,ESP,FW,16-107,2007,0,,,,,0,,0,0,,3,,,,,,,,,,,
ESP-La Liga,2324,Valencia,Diego López,ESP,"FW,MF",21-263,2002,22,1606,73,81.1,17.8,19,79,3,3,33,0,1.45,18,20,-2,-0.11,-0.83,17.1,19.5,-2.5,-0.14,-0.31
ESP-La Liga,2324,Valencia,Dimitri Foulquier,FRA,"DF,MF",30-314,1993,18,833,46,42.1,9.3,7,89,6,11,19,0,1.56,12,11,1,0.11,0.11,10.4,11.8,-1.3,-0.14,-0.11
ESP-La Liga,2324,Valencia,Domingos André Ribeiro Almeida,POR,"FW,MF",23-246,2000,8,479,60,24.2,5.3,6,66,0,2,41,0,1.25,7,6,1,0.19,0.19,5.2,6.3,-1.1,-0.22,-0.18
ESP-La Liga,2324,Valencia,Francisco Perez,ESP,"MF,FW",21-144,2002,22,1454,66,73.4,16.2,19,71,2,3,33,0,1.45,20,14,6,0.37,1.23,18.2,16.1,2.1,0.13,0.79
ESP-La Liga,2324,Valencia,Gabriel Paulista,BRA,DF,33-066,1990,18,1398,78,70.6,15.5,16,85,12,2,19,0,1.5,17,19,-2,-0.13,-0.59,17.9,16.3,1.6,0.1,0.63
ESP-La Liga,2324,Valencia,Giorgi Mamardashvili,GEO,GK,23-124,2000,22,1980,90,100.0,22.0,22,90,22,0,,0,1.45,27,26,1,0.05,,23.5,25.3,-1.8,-0.08,
ESP-La Liga,2324,Valencia,Hugo Duro,ESP,FW,24-082,1999,22,1804,82,91.1,20.0,21,84,7,1,45,0,1.45,25,23,2,0.1,0.61,21.6,20.7,0.9,0.04,1.38
ESP-La Liga,2324,Valencia,Hugo González,ESP,"MF,FW",20-358,2003,7,54,8,2.7,0.6,0,,0,7,8,11,1.43,1,1,0,0.0,-0.05,1.0,1.2,-0.2,-0.37,-0.3
ESP-La Liga,2324,Valencia,Hugo Guillamón,ESP,MF,24-000,2000,15,699,47,35.3,7.8,6,88,5,9,19,7,1.73,11,9,2,0.26,0.33,8.5,11.6,-3.1,-0.4,-0.5
ESP-La Liga,2324,Valencia,Jaume Doménech,ESP,GK,33-087,1990,0,,,,,0,,0,0,,22,,,,,,,,,,,
ESP-La Liga,2324,Valencia,Javier Guerra,ESP,"MF,FW",21-030,2003,20,1431,72,72.3,15.9,15,88,13,5,22,0,1.4,18,23,-5,-0.31,-1.3,17.0,18.5,-1.5,-0.09,-0.05
ESP-La Liga,2324,Valencia,Jesus Vazquez,ESP,"DF,MF",21-029,2003,10,245,25,12.4,2.7,2,75,0,8,12,5,1.9,6,2,4,1.47,1.63,3.5,3.1,0.4,0.14,0.25
ESP-La Liga,2324,Valencia,José Luis García Vayá,ESP,MF,25-173,1998,22,1952,89,98.6,21.7,22,89,19,0,,0,1.45,26,25,1,0.05,0.05,22.8,24.8,-2.0,-0.09,-0.94
ESP-La Liga,2324,Valencia,José Luis Gayà,ESP,DF,28-251,1995,16,1260,79,63.6,14.0,16,79,9,0,,0,1.69,19,17,2,0.14,0.27,17.9,16.1,1.8,0.13,0.57
ESP-La Liga,2324,Valencia,Marco Camús,ESP,MF,22-076,2001,0,,,,,0,,0,0,,1,,,,,,,,,,,
ESP-La Liga,2324,Valencia,Mario Dominguez,ESP,FW,19-355,2004,3,25,8,1.3,0.3,0,,0,3,8,4,0.33,0,1,-1,-3.6,-3.69,0.4,0.4,0.0,0.03,0.11
ESP-La Liga,2324,Valencia,Martín Tejón,ESP,MF,19-294,2004,0,,,,,0,,0,0,,2,,,,,,,,,,,
ESP-La Liga,2324,Valencia,Mouctar Diakhaby,GUI,"DF,MF",27-043,1996,12,895,75,45.2,9.9,10,83,8,2,31,1,1.17,9,13,-4,-0.4,-0.82,6.9,14.1,-7.1,-0.72,-1.16
ESP-La Liga,2324,Valencia,Pablo Gozalbez,ESP,"MF,FW",22-276,2001,5,103,21,5.2,1.1,1,45,0,4,15,17,2.0,2,2,0,0.0,-0.05,1.4,2.3,-0.8,-0.74,-0.7
ESP-La Liga,2324,Valencia,Roman Yaremchuk,UKR,FW,28-065,1995,15,429,29,21.7,4.8,4,58,0,11,18,2,1.27,6,7,-1,-0.21,-0.33,5.4,7.5,-2.1,-0.44,-0.46
ESP-La Liga,2324,Valencia,Ruben Lendinez,ESP,DF,20-323,2003,0,,,,,0,,0,0,,8,,,,,,,,,,,
ESP-La Liga,2324,Valencia,Selim Amallah,MAR,"MF,FW",27-077,1996,12,489,41,24.7,5.4,6,61,1,6,20,0,1.42,4,5,-1,-0.18,-0.3,3.7,4.7,-1.1,-0.2,-0.15
ESP-La Liga,2324,Valencia,Sergi Canós,ESP,"MF,FW",26-363,1997,14,575,41,29.0,6.4,7,59,0,7,23,0,1.5,14,8,6,0.94,1.26,9.5,7.0,2.5,0.4,0.67
ESP-La Liga,2324,Valencia,Thierry Correia,POR,DF,24-328,1999,19,1424,75,71.9,15.8,17,81,9,2,24,0,1.53,20,18,2,0.13,0.29,16.3,17.9,-1.6,-0.1,-0.08
ESP-La Liga,2324,Valencia,Yarek Hernandis,ESP,DF,19-019,2005,9,285,32,14.4,3.2,2,89,0,7,15,5,1.33,4,4,0,0.0,-0.05,,,,,
ESP-La Liga,2324,Villarreal,Abraham Rando,ESP,DF,22-210,2001,0,,,,,0,,0,0,,1,,,,,,,,,,,
ESP-La Liga,2324,Villarreal,Adrià Altimira,ESP,"DF,MF",22-309,2001,11,775,70,39.1,8.6,10,74,4,1,37,6,1.0,11,22,-11,-1.28,-1.2,12.8,18.7,-5.9,-0.68,-0.72
ESP-La Liga,2324,Villarreal,Alberto Moreno,ESP,"DF,MF",31-210,1992,16,780,49,39.4,8.7,8,69,1,8,29,1,1.25,18,15,3,0.35,1.47,13.3,15.1,-1.8,-0.21,0.06
ESP-La Liga,2324,Villarreal,Alex Baena,ESP,"MF,FW",22-195,2001,19,1401,74,70.8,15.6,19,74,6,0,,0,1.16,25,32,-7,-0.45,0.33,24.8,24.6,0.1,0.01,0.86
ESP-La Liga,2324,Villarreal,Alexander Sørloth,NOR,FW,28-057,1995,19,1343,71,67.8,14.9,16,78,12,3,32,0,1.0,28,28,0,0.0,1.7,24.1,22.8,1.3,0.09,1.03
ESP-La Liga,2324,Villarreal,Alfonso Pedraza,ESP,DF,27-297,1996,14,957,68,48.3,10.6,13,68,6,1,67,0,0.86,13,23,-10,-0.94,-0.76,16.2,16.8,-0.5,-0.05,0.37
ESP-La Liga,2324,Villarreal,Aïssa Mandi,ALG,DF,32-101,1991,10,666,67,33.6,7.4,7,85,6,3,24,6,0.9,13,15,-2,-0.27,0.41,11.2,11.7,-0.5,-0.07,0.25
ESP-La Liga,2324,Villarreal,Ben Brereton,CHI,"FW,MF",24-288,1999,14,270,19,13.6,3.0,2,67,0,12,11,5,0.86,3,3,0,0.0,0.63,3.3,3.5,-0.1,-0.04,0.23
ESP-La Liga,2324,Villarreal,Carlos Romero,ESP,DF,22-094,2001,6,239,40,12.1,2.7,2,53,0,4,33,6,1.67,3,8,-5,-1.88,-1.52,3.3,5.9,-2.7,-1.0,-0.87
ESP-La Liga,2324,Villarreal,Daniel Parejo,ESP,MF,34-290,1989,19,1662,87,83.9,18.5,19,87,13,0,,1,1.0,24,38,-14,-0.76,-1.32,26.4,31.6,-5.1,-0.28,-0.22
ESP-La Liga,2324,Villarreal,Denis Suárez,ESP,"MF,FW",30-025,1994,4,133,33,6.7,1.5,1,90,1,3,14,1,0.75,1,5,-4,-2.71,-2.32,0.9,4.4,-3.5,-2.33,-2.24
ESP-La Liga,2324,Villarreal,Eric Bailly,CIV,DF,29-294,1994,4,344,86,17.4,3.8,3,90,3,1,74,0,1.0,7,9,-2,-0.52,0.03,6.6,5.3,1.2,0.31,0.67
ESP-La Liga,2324,Villarreal,Filip Jørgensen,DEN,GK,21-290,2002,22,1980,90,100.0,22.0,22,90,22,0,,0,1.05,33,45,-12,-0.55,,32.0,37.3,-5.3,-0.24,
ESP-La Liga,2324,Villarreal,Francis Coquelin,FRA,MF,32-263,1991,5,229,46,11.6,2.5,2,87,1,3,19,0,1.0,7,3,4,1.57,2.39,4.5,3.0,1.5,0.58,0.93
ESP-La Liga,2324,Villarreal,Gerard Moreno,ESP,FW,31-299,1992,19,1466,77,74.0,16.3,18,81,7,1,16,0,1.0,23,35,-12,-0.74,-0.74,22.4,27.1,-4.7,-0.29,-0.17
ESP-La Liga,2324,Villarreal,Gonçalo Guedes,POR,MF,27-063,1996,2,54,27,2.7,0.6,0,,0,2,27,0,2.0,3,4,-1,-1.67,-1.15,1.2,1.6,-0.4,-0.62,-0.39
ESP-La Liga,2324,Villarreal,Iker Álvarez,AND,GK,22-190,2001,0,,,,,0,,0,0,,2,,,,,,,,,,,
ESP-La Liga,2324,Villarreal,Ilias Akhomach,ESP,"MF,FW",19-290,2004,18,865,48,43.7,9.6,8,77,2,10,25,3,1.17,15,22,-7,-0.73,-0.32,16.0,17.6,-1.5,-0.16,0.14
ESP-La Liga,2324,Villarreal,Jorge Cuenca,ESP,DF,24-075,1999,16,1253,78,63.3,13.9,13,90,13,3,28,4,1.13,21,30,-9,-0.65,-0.28,20.7,24.2,-3.6,-0.26,-0.04
ESP-La Liga,2324,Villarreal,José Luis Morales,ESP,"FW,MF",36-192,1987,16,787,49,39.7,8.7,8,71,0,8,28,6,0.94,10,20,-10,-1.14,-0.99,12.1,16.6,-4.5,-0.52,-0.45
ESP-La Liga,2324,Villarreal,Juan Foyth,ARG,DF,26-019,1998,12,1062,89,53.6,11.8,12,89,11,0,,0,1.0,15,20,-5,-0.42,0.26,16.3,17.4,-1.2,-0.1,0.31
ESP-La Liga,2324,Villarreal,Kiko Femenía,ESP,"DF,MF",32-363,1991,10,415,42,21.0,4.6,3,80,1,7,25,12,0.9,7,6,1,0.22,0.96,6.5,5.8,0.7,0.16,0.51
ESP-La Liga,2324,Villarreal,Manu Trigueros,ESP,MF,32-106,1991,9,180,20,9.1,2.0,1,74,0,8,13,13,0.89,1,3,-2,-1.0,-0.5,2.6,2.2,0.4,0.22,0.51
ESP-La Liga,2324,Villarreal,Matteo Gabbia,ITA,DF,24-102,1999,7,477,68,24.1,5.3,6,77,3,1,13,8,1.43,8,10,-2,-0.38,0.22,6.2,9.2,-3.0,-0.57,-0.42
ESP-La Liga,2324,Villarreal,Pascu,ESP,FW,20-297,2003,1,14,14,0.7,0.2,0,,0,1,14,2,0.0,2,0,2,12.86,13.5,0.2,0.2,0.0,0.22,0.47
ESP-La Liga,2324,Villarreal,Pepe Reina,ESP,GK,41-153,1982,0,,,0.0,0.0,0,,0,0,,19,1.0,2,1,1,,,,,,,
ESP-La Liga,2324,Villarreal,Ramón Terrats,ESP,MF,23-105,2000,14,618,44,31.2,6.9,5,78,1,9,25,4,0.79,10,17,-7,-1.02,-0.69,7.2,14.0,-6.9,-0.99,-1.09
ESP-La Liga,2324,Villarreal,Raúl Albiol,ESP,DF,38-149,1985,17,1276,75,64.4,14.2,16,78,11,1,24,2,1.12,19,28,-9,-0.63,-0.25,20.2,25.8,-5.6,-0.39,-0.43
ESP-La Liga,2324,Villarreal,Santi Comesaña,ESP,MF,27-118,1996,14,727,52,36.7,8.1,8,76,3,6,19,5,1.57,14,14,0,0.0,0.86,13.6,12.5,1.1,0.14,0.6
ESP-La Liga,2324,Villarreal,Stefan Lekovic,SRB,DF,20-022,2004,0,,,,,0,,0,0,,2,,,,,,,,,,,
ESP-La Liga,2324,Villarreal,Yeremi Pino,ESP,"MF,FW",21-103,2002,7,475,68,24.0,5.3,7,68,1,0,,1,0.71,6,8,-2,-0.38,0.22,5.9,8.4,-2.5,-0.47,-0.29
ESP-La Liga,2324,Villarreal,Yerson Mosquera,COL,DF,22-274,2001,1,13,13,0.7,0.1,0,,0,1,13,0,3.0,3,0,3,20.77,21.46,1.0,0.7,0.3,2.05,2.31
ESP-La Liga,2324,Villarreal,Étienne Capoue,FRA,MF,35-204,1988,20,1168,58,59.0,13.0,13,80,8,7,18,1,1.0,20,30,-10,-0.77,-0.55,19.0,24.3,-5.3,-0.41,-0.41
